sNum,sID,months,days,sex,cond,condLabel,trial,GNG,trialType,stimName,habCrit,habTrialNo,sumOnA,numOnA,sumOffA,numOffA,sumOnB,numOnB,sumOffB,numOffB,trialDuration,firstLook
137,LEAP,304,29,,"{'DUCK_FAM_MOV': ['fam_duck_bright.mp4'], 'DUCK_FAM_STILL': ['famDuckFREEZE_bright'], 'SHOE_FAM_MOV': ['fam_shoe_bright.mp4'], 'SHOE_FAM_STILL': ['famShoeFREEZE_bright'], 'EXP_DUCK_MOV': ['duck_expected_bright.mp4'], 'EXP_DUCK_STILL': ['expDuckFREEZE_bright'], 'SUR_DUCK_MOV': ['duck_surprise_bright.mp4'], 'SUR_DUCK_STILL': ['surDuckFREEZE_bright'], 'EXP_SHOE_MOV': ['shoe_expected_bright.mp4'], 'EXP_SHOE_STILL': ['expShoeFREEZE_bright'], 'SUR_SHOE_MOV': ['shoe_surprise_bright.mp4'], 'SUR_SHOE_STILL': ['surShoeFREEZE_bright'], 'FAM_DUCK': ['DUCK_FAM_MOV', 'DUCK_FAM_STILL'], 'FAM_SHOE': ['SHOE_FAM_MOV', 'SHOE_FAM_STILL'], 'EXP_DUCK': ['EXP_DUCK_MOV', 'EXP_DUCK_STILL'], 'SUR_DUCK': ['SUR_DUCK_MOV', 'SUR_DUCK_STILL'], 'EXP_SHOE': ['EXP_SHOE_MOV', 'EXP_SHOE_STILL'], 'SUR_SHOE': ['SUR_SHOE_MOV', 'SUR_SHOE_STILL'], 'Fam': ['FAM_SHOE', 'FAM_DUCK'], 'Test': ['SUR_SHOE', 'EXP_DUCK']}",1,1,1,Fam.FAM_SHOE.SHOE_FAM_MOV,fam_shoe_bright.mp4,-1,,0,0,14.452951999963261,1,0,0,14.452951999963261,1,14.452951999963261,0
137,LEAP,304,29,,"{'DUCK_FAM_MOV': ['fam_duck_bright.mp4'], 'DUCK_FAM_STILL': ['famDuckFREEZE_bright'], 'SHOE_FAM_MOV': ['fam_shoe_bright.mp4'], 'SHOE_FAM_STILL': ['famShoeFREEZE_bright'], 'EXP_DUCK_MOV': ['duck_expected_bright.mp4'], 'EXP_DUCK_STILL': ['expDuckFREEZE_bright'], 'SUR_DUCK_MOV': ['duck_surprise_bright.mp4'], 'SUR_DUCK_STILL': ['surDuckFREEZE_bright'], 'EXP_SHOE_MOV': ['shoe_expected_bright.mp4'], 'EXP_SHOE_STILL': ['expShoeFREEZE_bright'], 'SUR_SHOE_MOV': ['shoe_surprise_bright.mp4'], 'SUR_SHOE_STILL': ['surShoeFREEZE_bright'], 'FAM_DUCK': ['DUCK_FAM_MOV', 'DUCK_FAM_STILL'], 'FAM_SHOE': ['SHOE_FAM_MOV', 'SHOE_FAM_STILL'], 'EXP_DUCK': ['EXP_DUCK_MOV', 'EXP_DUCK_STILL'], 'SUR_DUCK': ['SUR_DUCK_MOV', 'SUR_DUCK_STILL'], 'EXP_SHOE': ['EXP_SHOE_MOV', 'EXP_SHOE_STILL'], 'SUR_SHOE': ['SUR_SHOE_MOV', 'SUR_SHOE_STILL'], 'Fam': ['FAM_SHOE', 'FAM_DUCK'], 'Test': ['SUR_SHOE', 'EXP_DUCK']}",1,2,1,Fam.FAM_SHOE.SHOE_FAM_STILL,famShoeFREEZE_bright,-1,,10.811476400122046,3,5.201127499924041,4,0,0,16.012613600003533,1,16.012603900046088,3.408374599996023
137,LEAP,304,29,,"{'DUCK_FAM_MOV': ['fam_duck_bright.mp4'], 'DUCK_FAM_STILL': ['famDuckFREEZE_bright'], 'SHOE_FAM_MOV': ['fam_shoe_bright.mp4'], 'SHOE_FAM_STILL': ['famShoeFREEZE_bright'], 'EXP_DUCK_MOV': ['duck_expected_bright.mp4'], 'EXP_DUCK_STILL': ['expDuckFREEZE_bright'], 'SUR_DUCK_MOV': ['duck_surprise_bright.mp4'], 'SUR_DUCK_STILL': ['surDuckFREEZE_bright'], 'EXP_SHOE_MOV': ['shoe_expected_bright.mp4'], 'EXP_SHOE_STILL': ['expShoeFREEZE_bright'], 'SUR_SHOE_MOV': ['shoe_surprise_bright.mp4'], 'SUR_SHOE_STILL': ['surShoeFREEZE_bright'], 'FAM_DUCK': ['DUCK_FAM_MOV', 'DUCK_FAM_STILL'], 'FAM_SHOE': ['SHOE_FAM_MOV', 'SHOE_FAM_STILL'], 'EXP_DUCK': ['EXP_DUCK_MOV', 'EXP_DUCK_STILL'], 'SUR_DUCK': ['SUR_DUCK_MOV', 'SUR_DUCK_STILL'], 'EXP_SHOE': ['EXP_SHOE_MOV', 'EXP_SHOE_STILL'], 'SUR_SHOE': ['SUR_SHOE_MOV', 'SUR_SHOE_STILL'], 'Fam': ['FAM_SHOE', 'FAM_DUCK'], 'Test': ['SUR_SHOE', 'EXP_DUCK']}",1,3,1,Fam.FAM_DUCK.DUCK_FAM_MOV,fam_duck_bright.mp4,-1,,0.13983640004880726,1,17.187856700038537,1,0,0,17.327698500012048,1,17.327693100087345,0.13983640004880726
137,LEAP,304,29,,"{'DUCK_FAM_MOV': ['fam_duck_bright.mp4'], 'DUCK_FAM_STILL': ['famDuckFREEZE_bright'], 'SHOE_FAM_MOV': ['fam_shoe_bright.mp4'], 'SHOE_FAM_STILL': ['famShoeFREEZE_bright'], 'EXP_DUCK_MOV': ['duck_expected_bright.mp4'], 'EXP_DUCK_STILL': ['expDuckFREEZE_bright'], 'SUR_DUCK_MOV': ['duck_surprise_bright.mp4'], 'SUR_DUCK_STILL': ['surDuckFREEZE_bright'], 'EXP_SHOE_MOV': ['shoe_expected_bright.mp4'], 'EXP_SHOE_STILL': ['expShoeFREEZE_bright'], 'SUR_SHOE_MOV': ['shoe_surprise_bright.mp4'], 'SUR_SHOE_STILL': ['surShoeFREEZE_bright'], 'FAM_DUCK': ['DUCK_FAM_MOV', 'DUCK_FAM_STILL'], 'FAM_SHOE': ['SHOE_FAM_MOV', 'SHOE_FAM_STILL'], 'EXP_DUCK': ['EXP_DUCK_MOV', 'EXP_DUCK_STILL'], 'SUR_DUCK': ['SUR_DUCK_MOV', 'SUR_DUCK_STILL'], 'EXP_SHOE': ['EXP_SHOE_MOV', 'EXP_SHOE_STILL'], 'SUR_SHOE': ['SUR_SHOE_MOV', 'SUR_SHOE_STILL'], 'Fam': ['FAM_SHOE', 'FAM_DUCK'], 'Test': ['SUR_SHOE', 'EXP_DUCK']}",1,4,1,Fam.FAM_DUCK.DUCK_FAM_STILL,famDuckFREEZE_bright,-1,,17.81439199997112,3,4.998687000013888,4,0,0,22.813084800029173,1,22.81307899998501,9.071007100050338
137,LEAP,304,29,,"{'DUCK_FAM_MOV': ['fam_duck_bright.mp4'], 'DUCK_FAM_STILL': ['famDuckFREEZE_bright'], 'SHOE_FAM_MOV': ['fam_shoe_bright.mp4'], 'SHOE_FAM_STILL': ['famShoeFREEZE_bright'], 'EXP_DUCK_MOV': ['duck_expected_bright.mp4'], 'EXP_DUCK_STILL': ['expDuckFREEZE_bright'], 'SUR_DUCK_MOV': ['duck_surprise_bright.mp4'], 'SUR_DUCK_STILL': ['surDuckFREEZE_bright'], 'EXP_SHOE_MOV': ['shoe_expected_bright.mp4'], 'EXP_SHOE_STILL': ['expShoeFREEZE_bright'], 'SUR_SHOE_MOV': ['shoe_surprise_bright.mp4'], 'SUR_SHOE_STILL': ['surShoeFREEZE_bright'], 'FAM_DUCK': ['DUCK_FAM_MOV', 'DUCK_FAM_STILL'], 'FAM_SHOE': ['SHOE_FAM_MOV', 'SHOE_FAM_STILL'], 'EXP_DUCK': ['EXP_DUCK_MOV', 'EXP_DUCK_STILL'], 'SUR_DUCK': ['SUR_DUCK_MOV', 'SUR_DUCK_STILL'], 'EXP_SHOE': ['EXP_SHOE_MOV', 'EXP_SHOE_STILL'], 'SUR_SHOE': ['SUR_SHOE_MOV', 'SUR_SHOE_STILL'], 'Fam': ['FAM_SHOE', 'FAM_DUCK'], 'Test': ['SUR_SHOE', 'EXP_DUCK']}",1,5,1,Test.SUR_SHOE.SUR_SHOE_MOV,shoe_surprise_bright.mp4,-1,,0.14683669991791248,1,13.004765099962242,1,0,0,13.151605199906044,1,13.151601799880154,0.14683669991791248
137,LEAP,304,29,,"{'DUCK_FAM_MOV': ['fam_duck_bright.mp4'], 'DUCK_FAM_STILL': ['famDuckFREEZE_bright'], 'SHOE_FAM_MOV': ['fam_shoe_bright.mp4'], 'SHOE_FAM_STILL': ['famShoeFREEZE_bright'], 'EXP_DUCK_MOV': ['duck_expected_bright.mp4'], 'EXP_DUCK_STILL': ['expDuckFREEZE_bright'], 'SUR_DUCK_MOV': ['duck_surprise_bright.mp4'], 'SUR_DUCK_STILL': ['surDuckFREEZE_bright'], 'EXP_SHOE_MOV': ['shoe_expected_bright.mp4'], 'EXP_SHOE_STILL': ['expShoeFREEZE_bright'], 'SUR_SHOE_MOV': ['shoe_surprise_bright.mp4'], 'SUR_SHOE_STILL': ['surShoeFREEZE_bright'], 'FAM_DUCK': ['DUCK_FAM_MOV', 'DUCK_FAM_STILL'], 'FAM_SHOE': ['SHOE_FAM_MOV', 'SHOE_FAM_STILL'], 'EXP_DUCK': ['EXP_DUCK_MOV', 'EXP_DUCK_STILL'], 'SUR_DUCK': ['SUR_DUCK_MOV', 'SUR_DUCK_STILL'], 'EXP_SHOE': ['EXP_SHOE_MOV', 'EXP_SHOE_STILL'], 'SUR_SHOE': ['SUR_SHOE_MOV', 'SUR_SHOE_STILL'], 'Fam': ['FAM_SHOE', 'FAM_DUCK'], 'Test': ['SUR_SHOE', 'EXP_DUCK']}",1,6,1,Test.SUR_SHOE.SUR_SHOE_STILL,surShoeFREEZE_bright,-1,,12.880935599911027,4,6.39417690015398,5,0,0,19.27513199998066,1,19.275112500065006,4.6050254999427125
137,LEAP,304,29,,"{'DUCK_FAM_MOV': ['fam_duck_bright.mp4'], 'DUCK_FAM_STILL': ['famDuckFREEZE_bright'], 'SHOE_FAM_MOV': ['fam_shoe_bright.mp4'], 'SHOE_FAM_STILL': ['famShoeFREEZE_bright'], 'EXP_DUCK_MOV': ['duck_expected_bright.mp4'], 'EXP_DUCK_STILL': ['expDuckFREEZE_bright'], 'SUR_DUCK_MOV': ['duck_surprise_bright.mp4'], 'SUR_DUCK_STILL': ['surDuckFREEZE_bright'], 'EXP_SHOE_MOV': ['shoe_expected_bright.mp4'], 'EXP_SHOE_STILL': ['expShoeFREEZE_bright'], 'SUR_SHOE_MOV': ['shoe_surprise_bright.mp4'], 'SUR_SHOE_STILL': ['surShoeFREEZE_bright'], 'FAM_DUCK': ['DUCK_FAM_MOV', 'DUCK_FAM_STILL'], 'FAM_SHOE': ['SHOE_FAM_MOV', 'SHOE_FAM_STILL'], 'EXP_DUCK': ['EXP_DUCK_MOV', 'EXP_DUCK_STILL'], 'SUR_DUCK': ['SUR_DUCK_MOV', 'SUR_DUCK_STILL'], 'EXP_SHOE': ['EXP_SHOE_MOV', 'EXP_SHOE_STILL'], 'SUR_SHOE': ['SUR_SHOE_MOV', 'SUR_SHOE_STILL'], 'Fam': ['FAM_SHOE', 'FAM_DUCK'], 'Test': ['SUR_SHOE', 'EXP_DUCK']}",1,7,1,Test.EXP_DUCK.EXP_DUCK_MOV,duck_expected_bright.mp4,-1,,0.14062329998705536,1,13.277715199976228,1,0,0,13.418341899989173,1,13.418338499963284,0.14062329998705536
137,LEAP,304,29,,"{'DUCK_FAM_MOV': ['fam_duck_bright.mp4'], 'DUCK_FAM_STILL': ['famDuckFREEZE_bright'], 'SHOE_FAM_MOV': ['fam_shoe_bright.mp4'], 'SHOE_FAM_STILL': ['famShoeFREEZE_bright'], 'EXP_DUCK_MOV': ['duck_expected_bright.mp4'], 'EXP_DUCK_STILL': ['expDuckFREEZE_bright'], 'SUR_DUCK_MOV': ['duck_surprise_bright.mp4'], 'SUR_DUCK_STILL': ['surDuckFREEZE_bright'], 'EXP_SHOE_MOV': ['shoe_expected_bright.mp4'], 'EXP_SHOE_STILL': ['expShoeFREEZE_bright'], 'SUR_SHOE_MOV': ['shoe_surprise_bright.mp4'], 'SUR_SHOE_STILL': ['surShoeFREEZE_bright'], 'FAM_DUCK': ['DUCK_FAM_MOV', 'DUCK_FAM_STILL'], 'FAM_SHOE': ['SHOE_FAM_MOV', 'SHOE_FAM_STILL'], 'EXP_DUCK': ['EXP_DUCK_MOV', 'EXP_DUCK_STILL'], 'SUR_DUCK': ['SUR_DUCK_MOV', 'SUR_DUCK_STILL'], 'EXP_SHOE': ['EXP_SHOE_MOV', 'EXP_SHOE_STILL'], 'SUR_SHOE': ['SUR_SHOE_MOV', 'SUR_SHOE_STILL'], 'Fam': ['FAM_SHOE', 'FAM_DUCK'], 'Test': ['SUR_SHOE', 'EXP_DUCK']}",1,8,1,Test.EXP_DUCK.EXP_DUCK_STILL,expDuckFREEZE_bright,-1,,5.072406799998134,2,4.7904513999819756,3,0,0,9.862870699958876,1,9.86285819998011,3.7371199999470264
137,LEAP,304,29,,"{'DUCK_FAM_MOV': ['fam_duck_bright.mp4'], 'DUCK_FAM_STILL': ['famDuckFREEZE_bright'], 'SHOE_FAM_MOV': ['fam_shoe_bright.mp4'], 'SHOE_FAM_STILL': ['famShoeFREEZE_bright'], 'EXP_DUCK_MOV': ['duck_expected_bright.mp4'], 'EXP_DUCK_STILL': ['expDuckFREEZE_bright'], 'SUR_DUCK_MOV': ['duck_surprise_bright.mp4'], 'SUR_DUCK_STILL': ['surDuckFREEZE_bright'], 'EXP_SHOE_MOV': ['shoe_expected_bright.mp4'], 'EXP_SHOE_STILL': ['expShoeFREEZE_bright'], 'SUR_SHOE_MOV': ['shoe_surprise_bright.mp4'], 'SUR_SHOE_STILL': ['surShoeFREEZE_bright'], 'FAM_DUCK': ['DUCK_FAM_MOV', 'DUCK_FAM_STILL'], 'FAM_SHOE': ['SHOE_FAM_MOV', 'SHOE_FAM_STILL'], 'EXP_DUCK': ['EXP_DUCK_MOV', 'EXP_DUCK_STILL'], 'SUR_DUCK': ['SUR_DUCK_MOV', 'SUR_DUCK_STILL'], 'EXP_SHOE': ['EXP_SHOE_MOV', 'EXP_SHOE_STILL'], 'SUR_SHOE': ['SUR_SHOE_MOV', 'SUR_SHOE_STILL'], 'Fam': ['FAM_SHOE', 'FAM_DUCK'], 'Test': ['SUR_SHOE', 'EXP_DUCK']}",1,9,1,Test.SUR_SHOE.SUR_SHOE_MOV,shoe_surprise_bright.mp4,-1,,0.07816690008621663,1,13.206801900058053,1,0,0,13.284973800065927,1,13.28496880014427,0.07816690008621663
137,LEAP,304,29,,"{'DUCK_FAM_MOV': ['fam_duck_bright.mp4'], 'DUCK_FAM_STILL': ['famDuckFREEZE_bright'], 'SHOE_FAM_MOV': ['fam_shoe_bright.mp4'], 'SHOE_FAM_STILL': ['famShoeFREEZE_bright'], 'EXP_DUCK_MOV': ['duck_expected_bright.mp4'], 'EXP_DUCK_STILL': ['expDuckFREEZE_bright'], 'SUR_DUCK_MOV': ['duck_surprise_bright.mp4'], 'SUR_DUCK_STILL': ['surDuckFREEZE_bright'], 'EXP_SHOE_MOV': ['shoe_expected_bright.mp4'], 'EXP_SHOE_STILL': ['expShoeFREEZE_bright'], 'SUR_SHOE_MOV': ['shoe_surprise_bright.mp4'], 'SUR_SHOE_STILL': ['surShoeFREEZE_bright'], 'FAM_DUCK': ['DUCK_FAM_MOV', 'DUCK_FAM_STILL'], 'FAM_SHOE': ['SHOE_FAM_MOV', 'SHOE_FAM_STILL'], 'EXP_DUCK': ['EXP_DUCK_MOV', 'EXP_DUCK_STILL'], 'SUR_DUCK': ['SUR_DUCK_MOV', 'SUR_DUCK_STILL'], 'EXP_SHOE': ['EXP_SHOE_MOV', 'EXP_SHOE_STILL'], 'SUR_SHOE': ['SUR_SHOE_MOV', 'SUR_SHOE_STILL'], 'Fam': ['FAM_SHOE', 'FAM_DUCK'], 'Test': ['SUR_SHOE', 'EXP_DUCK']}",1,10,1,Test.SUR_SHOE.SUR_SHOE_STILL,surShoeFREEZE_bright,-1,,15.079680299852043,5,7.1750140999211,6,0,0,22.25471460004337,1,22.254694399773143,4.538877899991348
137,LEAP,304,29,,"{'DUCK_FAM_MOV': ['fam_duck_bright.mp4'], 'DUCK_FAM_STILL': ['famDuckFREEZE_bright'], 'SHOE_FAM_MOV': ['fam_shoe_bright.mp4'], 'SHOE_FAM_STILL': ['famShoeFREEZE_bright'], 'EXP_DUCK_MOV': ['duck_expected_bright.mp4'], 'EXP_DUCK_STILL': ['expDuckFREEZE_bright'], 'SUR_DUCK_MOV': ['duck_surprise_bright.mp4'], 'SUR_DUCK_STILL': ['surDuckFREEZE_bright'], 'EXP_SHOE_MOV': ['shoe_expected_bright.mp4'], 'EXP_SHOE_STILL': ['expShoeFREEZE_bright'], 'SUR_SHOE_MOV': ['shoe_surprise_bright.mp4'], 'SUR_SHOE_STILL': ['surShoeFREEZE_bright'], 'FAM_DUCK': ['DUCK_FAM_MOV', 'DUCK_FAM_STILL'], 'FAM_SHOE': ['SHOE_FAM_MOV', 'SHOE_FAM_STILL'], 'EXP_DUCK': ['EXP_DUCK_MOV', 'EXP_DUCK_STILL'], 'SUR_DUCK': ['SUR_DUCK_MOV', 'SUR_DUCK_STILL'], 'EXP_SHOE': ['EXP_SHOE_MOV', 'EXP_SHOE_STILL'], 'SUR_SHOE': ['SUR_SHOE_MOV', 'SUR_SHOE_STILL'], 'Fam': ['FAM_SHOE', 'FAM_DUCK'], 'Test': ['SUR_SHOE', 'EXP_DUCK']}",1,11,1,Test.EXP_DUCK.EXP_DUCK_MOV,duck_expected_bright.mp4,-1,,0.2731561000691727,1,13.21752419997938,1,0,0,13.490684000076726,1,13.490680300048552,0.2731561000691727
137,LEAP,304,29,,"{'DUCK_FAM_MOV': ['fam_duck_bright.mp4'], 'DUCK_FAM_STILL': ['famDuckFREEZE_bright'], 'SHOE_FAM_MOV': ['fam_shoe_bright.mp4'], 'SHOE_FAM_STILL': ['famShoeFREEZE_bright'], 'EXP_DUCK_MOV': ['duck_expected_bright.mp4'], 'EXP_DUCK_STILL': ['expDuckFREEZE_bright'], 'SUR_DUCK_MOV': ['duck_surprise_bright.mp4'], 'SUR_DUCK_STILL': ['surDuckFREEZE_bright'], 'EXP_SHOE_MOV': ['shoe_expected_bright.mp4'], 'EXP_SHOE_STILL': ['expShoeFREEZE_bright'], 'SUR_SHOE_MOV': ['shoe_surprise_bright.mp4'], 'SUR_SHOE_STILL': ['surShoeFREEZE_bright'], 'FAM_DUCK': ['DUCK_FAM_MOV', 'DUCK_FAM_STILL'], 'FAM_SHOE': ['SHOE_FAM_MOV', 'SHOE_FAM_STILL'], 'EXP_DUCK': ['EXP_DUCK_MOV', 'EXP_DUCK_STILL'], 'SUR_DUCK': ['SUR_DUCK_MOV', 'SUR_DUCK_STILL'], 'EXP_SHOE': ['EXP_SHOE_MOV', 'EXP_SHOE_STILL'], 'SUR_SHOE': ['SUR_SHOE_MOV', 'SUR_SHOE_STILL'], 'Fam': ['FAM_SHOE', 'FAM_DUCK'], 'Test': ['SUR_SHOE', 'EXP_DUCK']}",1,12,1,Test.EXP_DUCK.EXP_DUCK_STILL,expDuckFREEZE_bright,-1,,16.21206869999878,4,6.857818399905227,5,0,0,23.069905399926938,1,23.069887099904008,8.269891300005838
