cutoff,start,end,startT,endT,dur,xpos,ypos,flankdataloss,fracinterped,RMSxy,BCEA,fixRangeX,fixRangeY,participant,trial_num,phase,trial_type
1.087988827450299,0,51,-742.6,-534.6,208.0,344.0,1119.75,0.0,0.0,0.1949778419332056,0.1195850934316212,0.5259515745878104,0.6545175150426085,110_leap_voe_gaze,,inter_trial,
1.087988827450299,390,485,817.4,1201.4,384.0000000000001,840.0,776.5,0.0,0.2291666666666666,0.2909133407625297,0.4652839033376355,1.6830450386809932,1.0402153364070026,110_leap_voe_gaze,1.0,attn_getter,fam_duck_1
1.087988827450299,493,1075,1229.4,3561.4,2332.0,954.5,499.0,0.0,0.0,0.2699749908873777,0.3969490747791436,1.0752787747128567,1.8934256685161173,110_leap_voe_gaze,1.0,attn_getter,fam_duck_1
1.087988827450299,1081,1200,3581.4,4061.4,480.0,927.0,449.5,0.0,0.0,0.3037905673325924,0.1828121110437468,0.6194540767367545,1.0519031491756208,110_leap_voe_gaze,,inter_trial,
1.087988827450299,1206,1378,4081.4,4773.4,691.9999999999995,917.5,513.5,0.0,0.0,0.2799846350520594,0.1579025040155782,0.7129565788856985,1.1337178385559468,110_leap_voe_gaze,,inter_trial,
1.087988827450299,1392,1482,4825.4,5189.4,364.0,258.0,544.0,0.0,0.0,0.2387227611635999,0.1587895052133815,0.6662053278112264,0.8415225193404966,110_leap_voe_gaze,1.0,movie,fam_duck_1
1.087988827450299,1493,1552,5229.4,5469.4,240.0,746.25,564.75,0.0,0.0,0.2274611011484657,0.1192222971309781,0.6311418895053724,0.7246443916543165,110_leap_voe_gaze,1.0,movie,fam_duck_1
1.087988827450299,1564,1690,5513.4,6021.4,508.0,184.0,320.5,0.0,0.0,0.1903036906315354,0.1024999416391844,0.7246443916543165,0.5493272001250463,110_leap_voe_gaze,1.0,movie,fam_duck_1
1.087988827450299,1698,1855,6049.4,6681.4,632.0,223.5,430.5,0.0,0.0,0.2166742575713947,0.1204457798327255,0.5843906384309004,0.9116493959522046,110_leap_voe_gaze,1.0,movie,fam_duck_1
1.087988827450299,1861,1965,6701.4,7121.4,420.0,262.5,474.0,0.0,0.0,0.2689271687994674,0.1407154390769923,0.6194540767367545,0.8882737704149686,110_leap_voe_gaze,1.0,movie,fam_duck_1
1.087988827450299,1971,2198,7141.4,8053.4,912.0,346.0,399.5,0.0,0.0,0.2328418391781207,0.1401604195778257,0.6194540767367545,0.9233372087208226,110_leap_voe_gaze,1.0,movie,fam_duck_1
1.087988827450299,2210,2310,8097.4,8501.4,404.0,822.5,316.5,0.0,0.0,0.3159667834793525,0.1655136889156747,0.6662053278112264,1.0519031491756208,110_leap_voe_gaze,1.0,movie,fam_duck_1
1.087988827450299,2318,2684,8529.4,9997.3,1467.8999999999996,614.5,518.0,0.0,0.0,0.2224555140724747,0.1164378011054161,0.6428297022739904,1.0752787747128567,110_leap_voe_gaze,1.0,movie,fam_duck_1
1.087988827450299,2695,2775,10037.3,10361.3,324.0,904.0,775.5,0.0,0.0,0.242634742413728,0.1279247956028619,0.5493272001250463,0.8415225193404966,110_leap_voe_gaze,1.0,movie,fam_duck_1
1.087988827450299,2787,2905,10405.3,10881.3,476.0,443.5,316.5,0.0,0.0,0.2398331765895284,0.2011232301141461,0.9350250214894408,0.9817762725639126,110_leap_voe_gaze,1.0,movie,fam_duck_1
1.087988827450299,2911,3157,10901.3,11889.3,988.0,490.0,363.0,0.0,0.0,0.2588956327508378,0.248568297610863,0.7947712682660245,1.2155325279362728,110_leap_voe_gaze,1.0,movie,fam_duck_1
1.087988827450299,3160,3343,11897.3,12633.3,736.0,522.5,351.5,0.0,0.0,0.2223909090876846,0.1270625717347993,0.5610150128936644,0.8999615831835865,110_leap_voe_gaze,1.0,movie,fam_duck_1
1.087988827450299,3351,3405,12661.3,12881.3,220.0,459.0,362.5,0.0,0.0,0.2406194893326352,0.1062653659312871,0.3389465702899222,0.7713956427287885,110_leap_voe_gaze,1.0,movie,fam_duck_1
1.087988827450299,3411,3665,12901.3,13921.3,1020.0,523.0,338.5,0.0,0.0,0.2445132381039991,0.1758824306689309,0.5025759490505743,1.320722842853835,110_leap_voe_gaze,1.0,movie,fam_duck_1
1.087988827450299,3672,3745,13945.3,14241.3,296.0,476.75,343.0,0.0,0.0,0.2207881088760243,0.1239920939111271,0.5025759490505743,0.7947712682660245,110_leap_voe_gaze,1.0,movie,fam_duck_1
1.087988827450299,3751,4213,14261.3,16113.3,1852.0,522.5,343.0,0.0,0.0,0.2459627375272132,0.1428791097273848,0.7012687661170804,1.0285275236383846,110_leap_voe_gaze,1.0,movie,fam_duck_1
1.087988827450299,4221,4290,16141.3,16421.3,280.0,373.75,206.0,0.0,0.0,0.2145781748301746,0.1054065569903626,0.5025759490505743,0.6895809533484625,110_leap_voe_gaze,1.0,movie,fam_duck_1
1.087988827450299,4296,4378,16441.3,16773.3,332.0,308.0,223.5,0.0,0.0,0.2069919037640123,0.2354345016651255,0.8181468938032606,0.8181468938032606,110_leap_voe_gaze,1.0,movie,fam_duck_1
1.087988827450299,4386,4645,16801.3,17841.3,1040.0,390.5,339.0,0.0,0.0,0.265688699423917,0.3591457473596347,0.8648981448777325,1.542791285457577,110_leap_voe_gaze,1.0,movie,fam_duck_1
1.087988827450299,4652,4740,17865.3,18221.3,356.0,482.5,349.0,0.0,0.0,0.2594876302495804,0.1291521164572693,0.5142637618191923,0.7480200171915525,110_leap_voe_gaze,1.0,movie,fam_duck_1
1.087988827450299,4746,4855,18241.3,18681.3,440.0,518.75,343.5,0.0,0.0,0.2137755861206729,0.1512311584788501,0.7012687661170804,0.7129565788856985,110_leap_voe_gaze,1.0,movie,fam_duck_1
1.087988827450299,4861,4950,18701.3,19061.3,360.0,576.5,349.25,0.0,0.0,0.2312011768487692,0.1291530617984635,0.5259515745878104,0.7713956427287885,110_leap_voe_gaze,1.0,movie,fam_duck_1
1.087988827450299,4956,5069,19081.3,19537.3,456.0,636.0,354.5,0.0,0.0,0.2299473711499024,0.1226828007676441,0.6077662639681364,0.5960784511995184,110_leap_voe_gaze,1.0,movie,fam_duck_1
1.087988827450299,5076,5180,19561.3,19981.3,420.0,725.0,360.5,0.0,0.0,0.2130761577288232,0.2091230634445905,0.8765859576463506,0.8181468938032606,110_leap_voe_gaze,1.0,movie,fam_duck_1
1.087988827450299,5186,5299,20001.3,20457.3,456.0,810.5,368.0,0.0,0.0,0.2097994588162236,0.1912355951556948,0.8999615831835865,0.6311418895053724,110_leap_voe_gaze,1.0,movie,fam_duck_1
1.087988827450299,5306,5510,20481.3,21301.3,820.0,867.0,357.0,0.0,0.0,0.2609345935116312,0.2167589510319351,0.7947712682660245,1.0519031491756208,110_leap_voe_gaze,1.0,movie,fam_duck_1
1.087988827450299,5517,5575,21325.3,21561.3,236.0,767.0,263.5,0.0,0.0,0.3177613383779718,0.1900153644515153,0.6077662639681364,1.0752787747128567,110_leap_voe_gaze,1.0,movie,fam_duck_1
1.087988827450299,5582,5764,21585.3,22317.3,732.0,866.0,341.0,0.0,0.0,0.2748022502432784,0.271913028285635,0.7713956427287885,1.0402153364070026,110_leap_voe_gaze,1.0,movie,fam_duck_1
1.087988827450299,5771,5830,22341.3,22581.3,240.0,713.5,328.5,0.0,0.0,0.2021126317275219,0.0772268815138661,0.3272587575213042,0.7597078299601705,110_leap_voe_gaze,2.0,still,fam_duck_1
1.087988827450299,5836,5945,22601.3,23041.3,440.0,825.5,345.75,0.0,0.0,0.2148078229354847,0.1056893103747297,0.5142637618191923,0.7363322044229345,110_leap_voe_gaze,2.0,still,fam_duck_1
1.087988827450299,5952,6380,23065.3,24781.3,1716.0,865.5,358.5,0.0,0.0,0.1930722102791917,0.1642510258860721,0.7246443916543165,0.9467128342580586,110_leap_voe_gaze,2.0,still,fam_duck_1
1.087988827450299,6388,6460,24809.3,25101.3,292.0,821.5,369.0,0.0,0.0,0.2125741866098349,0.0804134834312215,0.4324490724388662,0.6428297022739904,110_leap_voe_gaze,2.0,still,fam_duck_1
1.087988827450299,6466,6581,25121.3,25585.3,464.0,884.5,363.5,0.0,0.0,0.1935413906813058,0.0972741845760354,0.5843906384309004,0.6194540767367545,110_leap_voe_gaze,2.0,still,fam_duck_1
1.087988827450299,6597,6675,25645.3,25961.3,316.0,478.0,1043.5,0.0,0.0,0.4273322124149107,0.3233371044093053,2.99208006876621,1.0285275236383846,110_leap_voe_gaze,2.0,still,fam_duck_1
1.087988827450299,6681,6785,25981.3,26401.3,420.0,362.5,1149.0,0.0,0.0,0.2242784846693429,0.1125501268508648,0.9584006470266766,0.5259515745878104,110_leap_voe_gaze,2.0,still,fam_duck_1
1.087988827450299,6802,6850,26465.3,26661.3,196.0,951.5,447.5,0.0,0.0,0.2107523094413703,0.1474916007229236,0.6662053278112264,0.9116493959522046,110_leap_voe_gaze,2.0,still,fam_duck_1
1.087988827450299,6857,7405,26685.3,28881.3,2196.0,870.0,372.5,0.0,0.0,0.2087916079601806,0.3113899007701207,1.086966587481475,0.9467128342580586,110_leap_voe_gaze,2.0,still,fam_duck_1
1.087988827450299,7412,7465,28905.3,29121.3,216.0,823.25,395.25,0.0,0.0,0.196573557693918,0.0699894009349136,0.3506343830585402,0.5493272001250463,110_leap_voe_gaze,2.0,still,fam_duck_1
1.087988827450299,7471,7560,29141.3,29501.3,360.0,777.5,397.0,0.0,0.0,0.1772717744915272,0.0713065486075788,0.4324490724388662,0.6311418895053724,110_leap_voe_gaze,2.0,still,fam_duck_1
1.087988827450299,7568,7731,29529.3,30185.3,656.0,873.0,378.0,0.0,0.0,0.2184077648477101,0.112627476558334,0.6428297022739904,0.7830834554974065,110_leap_voe_gaze,2.0,still,fam_duck_1
1.087988827450299,7745,7760,30237.3,30301.3,64.0,1125.5,1185.5,1.0,0.75,1.356994826591598,6.971147619744191,4.558246979761023,1.7765475408299372,110_leap_voe_gaze,2.0,still,fam_duck_1
1.087988827450299,7776,7808,30361.3,30493.3,132.0,1272.0,1061.0,0.0,0.0,0.3311425200820664,0.3140687221516276,1.1337178385559468,0.7947712682660245,110_leap_voe_gaze,2.0,still,fam_duck_1
1.087988827450299,7817,7900,30525.3,30861.3,336.0,1548.0,1146.0,0.0,0.0,0.1786740503739895,0.0911114917978297,0.6428297022739904,0.6545175150426085,110_leap_voe_gaze,2.0,still,fam_duck_1
1.087988827450299,7920,7985,30937.3,31201.3,264.0,338.25,784.5,0.0,0.0,0.1634558961670991,0.0834978455762547,0.7129565788856985,0.3856978213643942,110_leap_voe_gaze,2.0,still,fam_duck_1
1.087988827450299,8000,8100,31257.3,31661.3,404.0,836.5,381.5,0.0,0.0,0.2117204618701381,0.1253927381864644,0.6077662639681364,0.8181468938032606,110_leap_voe_gaze,2.0,still,fam_duck_1
1.087988827450299,8106,8202,31681.3,32069.3,388.0,866.5,359.5,0.0,0.0,0.2373446300134514,0.0999592987012741,0.4558246979761023,0.7947712682660245,110_leap_voe_gaze,2.0,still,fam_duck_1
1.087988827450299,8217,8278,32125.3,32373.3,248.0,1131.5,-59.5,0.0,0.0,0.138300162146295,0.0430354205177485,0.3038831319840682,0.4324490724388662,110_leap_voe_gaze,2.0,still,fam_duck_1
1.087988827450299,8284,8468,32393.3,33133.3,740.0000000000036,1045.5,-99.0,0.0,0.0,0.1511577507768388,0.2325550303008474,1.0168397108697669,0.6428297022739904,110_leap_voe_gaze,2.0,still,fam_duck_1
1.087988827450299,8934,8956,34993.3,35085.3,92.0,682.0,696.0,0.0,0.0,0.3278369452835511,0.2258891906343936,0.5843906384309004,0.6545175150426085,110_leap_voe_gaze,2.0,still,fam_duck_1
1.087988827450299,8963,9004,35109.3,35277.3,168.0,789.25,470.75,0.0,0.0,0.2828142045172779,0.322450627594065,0.7947712682660245,1.0168397108697669,110_leap_voe_gaze,2.0,still,fam_duck_1
1.087988827450299,9009,9097,35293.3,35649.3,356.0,844.0,398.0,0.0,0.0,0.2618844310714818,0.1662437747831435,0.6194540767367545,0.8298347065718785,110_leap_voe_gaze,2.0,still,fam_duck_1
1.087988827450299,9102,9286,35665.3,36405.3,740.0,852.0,360.0,0.0,0.0,0.2574810078604965,0.22259872283565,0.7480200171915525,0.8532103321091146,110_leap_voe_gaze,2.0,still,fam_duck_1
1.087988827450299,9615,9689,37717.3,38017.3,300.0,915.0,394.5,1.0,0.0,0.2216399193603323,0.1129256183991166,0.4908881362819563,0.6895809533484625,110_leap_voe_gaze,,inter_trial,
1.087988827450299,9700,9756,38057.3,38285.3,228.0,896.5,153.5,0.0,0.0,0.1843313490565518,0.0842966017971206,0.4675125107447203,0.4908881362819563,110_leap_voe_gaze,,inter_trial,
1.087988827450299,9772,9866,38345.3,38725.3,380.0,1596.5,1164.0,0.0,0.0,0.3392444229071516,0.3097376072527734,1.390849719465543,0.9116493959522046,110_leap_voe_gaze,3.0,attn_getter,fam_shoe_1
1.087988827450299,9880,10138,38777.3,39813.3,1036.0,910.0,490.5,0.0,0.0,0.2079352317064595,0.1592115680391231,0.6428297022739904,1.2622837790107448,110_leap_voe_gaze,3.0,attn_getter,fam_shoe_1
1.087988827450299,10144,10278,39833.3,40373.3,540.0,988.0,457.5,0.0,0.0,0.2067859112452545,0.1177274102268597,0.5843906384309004,0.8765859576463506,110_leap_voe_gaze,3.0,attn_getter,fam_shoe_1
1.087988827450299,10286,10363,40401.3,40713.3,312.0,765.5,418.5,0.0,0.0,0.2015693932082201,0.1031892775581266,0.4558246979761023,0.6077662639681364,110_leap_voe_gaze,3.0,attn_getter,fam_shoe_1
1.087988827450299,10374,10568,40753.3,41533.3,780.0,1007.0,394.5,0.0,0.0,0.2206018302985057,0.1304112895101767,0.7830834554974065,0.8532103321091146,110_leap_voe_gaze,3.0,attn_getter,fam_shoe_1
1.087988827450299,10575,10758,41557.3,42293.3,736.0,963.25,490.5,0.0,0.0,0.2295478024764058,0.1937339824166718,0.6428297022739904,0.8999615831835865,110_leap_voe_gaze,,inter_trial,
1.087988827450299,10765,11000,42317.3,43261.3,944.0,822.0,533.25,0.0,0.0,0.2474149128445122,0.1701671664341174,0.7480200171915525,1.1687812768618009,110_leap_voe_gaze,,inter_trial,
1.087988827450299,11011,11116,43301.3,43725.3,424.0,317.5,525.5,0.0,0.0,0.2172921551795337,0.109707865519347,0.6428297022739904,0.7363322044229345,110_leap_voe_gaze,3.0,movie,fam_shoe_1
1.087988827450299,11128,11260,43769.3,44301.3,532.0,839.0,652.5,0.0,0.0,0.2124244320145352,0.0944398005985969,0.7830834554974065,0.7129565788856985,110_leap_voe_gaze,3.0,movie,fam_shoe_1
1.087988827450299,11272,11367,44345.3,44729.3,384.0,337.25,381.0,0.0,0.0,0.1841770080782881,0.1193107813317779,0.7597078299601705,0.6778931405798444,110_leap_voe_gaze,3.0,movie,fam_shoe_1
1.087988827450299,11374,11527,44753.3,45369.3,616.0,248.0,472.25,0.0,0.0,0.2392230340759838,0.1498957502227128,0.5960784511995184,0.9934640853325306,110_leap_voe_gaze,3.0,movie,fam_shoe_1
1.087988827450299,11534,11661,45393.3,45905.3,512.0,293.5,517.5,0.0,0.0,0.222291140465673,0.0973040601307882,0.5025759490505743,0.7480200171915525,110_leap_voe_gaze,3.0,movie,fam_shoe_1
1.087988827450299,11669,12088,45933.3,47613.3,1680.0,591.0,533.5,0.0,0.0,0.2246491080666935,0.1922306894606942,1.0402153364070026,0.9700884597952948,110_leap_voe_gaze,3.0,movie,fam_shoe_1
1.087988827450299,12096,12208,47641.3,48093.3,452.0,575.5,327.0,0.0,0.0,0.15719689194569,0.0861231584133838,0.4908881362819563,0.7012687661170804,110_leap_voe_gaze,3.0,movie,fam_shoe_1
1.087988827450299,12214,12468,48113.3,49133.3,1020.0,485.5,406.0,0.0,0.0,0.2161032464290951,0.1419014266994934,0.7129565788856985,1.0402153364070026,110_leap_voe_gaze,3.0,movie,fam_shoe_1
1.087988827450299,12475,12523,49157.3,49353.3,196.0,523.5,406.5,0.0,0.0,0.2136358789320311,0.0987526332578022,0.3623221958271582,0.7246443916543165,110_leap_voe_gaze,3.0,movie,fam_shoe_1
1.087988827450299,12529,13266,49373.3,52325.3,2952.0,481.5,404.0,0.0,0.0,0.2235259922058063,0.2710863357397697,1.0635909619442387,1.2739715917793628,110_leap_voe_gaze,3.0,movie,fam_shoe_1
1.087988827450299,13275,13363,52357.3,52713.3,356.0,262.0,216.0,0.0,0.0,0.1767238259325126,0.1133782274867787,0.5493272001250463,0.6194540767367545,110_leap_voe_gaze,3.0,movie,fam_shoe_1
1.087988827450299,13370,13553,52737.3,53473.3,736.0,393.0,379.5,0.0,0.0,0.2310646975160292,0.1314171323558304,0.7363322044229345,0.9350250214894408,110_leap_voe_gaze,3.0,movie,fam_shoe_1
1.087988827450299,13559,13693,53493.3,54033.3,540.0,438.5,388.5,0.0,0.0,0.2199442859230026,0.1379990374681643,0.5259515745878104,0.7480200171915525,110_leap_voe_gaze,3.0,movie,fam_shoe_1
1.087988827450299,13699,13850,54053.3,54661.3,608.0,510.75,386.5,0.0,0.0,0.2185761922389676,0.2628929296965334,1.1570934640931827,0.7480200171915525,110_leap_voe_gaze,3.0,movie,fam_shoe_1
1.087988827450299,13859,13963,54693.3,55113.3,420.0,605.5,396.5,0.0,0.0,0.2264002505669474,0.2829116586504824,1.1220300257873288,0.7129565788856985,110_leap_voe_gaze,3.0,movie,fam_shoe_1
1.087988827450299,13969,14078,55133.3,55573.3,440.0,659.25,404.75,0.0,0.0,0.2014241179509996,0.122645616195405,0.5610150128936644,0.5843906384309004,110_leap_voe_gaze,3.0,movie,fam_shoe_1
1.087988827450299,14084,14174,55593.3,55957.3,364.0,709.0,405.5,0.0,0.0,0.2066426745603886,0.1138364033340818,0.6778931405798444,0.7246443916543165,110_leap_voe_gaze,3.0,movie,fam_shoe_1
1.087988827450299,14184,14533,55993.3,57393.3,1400.0,793.5,406.5,0.0,0.0,0.2124735420247257,0.2891644049634177,1.2272203407048907,0.7830834554974065,110_leap_voe_gaze,3.0,movie,fam_shoe_1
1.087988827450299,14539,14642,57413.3,57829.3,416.0,818.0,399.25,0.0,0.0,0.1784401685176076,0.0888486285909587,0.5142637618191923,0.5142637618191923,110_leap_voe_gaze,,inter_trial,
1.087988827450299,14650,14848,57857.3,58653.3,796.0,611.0,359.5,0.0,0.0,0.2214555556177755,0.1170171622000408,0.5376393873564284,0.7947712682660245,110_leap_voe_gaze,4.0,still,fam_shoe_1
1.087988827450299,14855,15298,58677.3,60453.3,1776.0,755.5,413.5,0.0,0.0,0.2361449333492666,0.1721350030405126,0.8298347065718785,1.1454056513245647,110_leap_voe_gaze,4.0,still,fam_shoe_1
1.087988827450299,15306,15391,60481.3,60825.3,344.0,515.0,542.0,0.0,0.0,0.2827899485183946,0.1939844570551743,0.7480200171915525,0.9584006470266766,110_leap_voe_gaze,4.0,still,fam_shoe_1
1.087988827450299,15402,16124,60865.3,63757.2,2891.899999999994,750.5,423.0,0.0,0.0,0.2468472660734848,0.1887968887255738,0.8181468938032606,1.4025375322341609,110_leap_voe_gaze,4.0,still,fam_shoe_1
1.087988827450299,16378,16430,64769.2,64981.2,212.0,903.5,498.0,0.0,0.0,0.2391557003440311,0.1355115483739671,0.5727028256622824,1.2038447151676548,110_leap_voe_gaze,4.0,still,fam_shoe_1
1.087988827450299,16436,16726,65001.2,66165.2,1164.0,789.5,412.0,0.0,0.0,0.232391041562854,0.1799689060815607,0.8532103321091146,0.9584006470266766,110_leap_voe_gaze,4.0,still,fam_shoe_1
1.087988827450299,16729,16966,66173.2,67125.2,952.0,829.5,423.25,0.0,0.0,0.1800932893598872,0.2681270382910209,1.0168397108697669,0.9817762725639126,110_leap_voe_gaze,4.0,still,fam_shoe_1
1.087988827450299,16971,17095,67141.2,67641.2,500.0,792.0,428.0,0.0,0.0,0.1776827807950657,0.2363560085891787,0.8999615831835865,0.7012687661170804,110_leap_voe_gaze,4.0,still,fam_shoe_1
1.087988827450299,17101,17225,67661.2,68161.2,500.0,816.0,430.5,0.0,0.0,0.1658661491242763,0.0602896858995585,0.3856978213643942,0.5843906384309004,110_leap_voe_gaze,4.0,still,fam_shoe_1
1.087988827450299,17238,17288,68209.2,68413.2,204.0,515.5,465.0,0.0,0.0,0.2319846825183289,0.0891368798596477,0.4441368852074843,0.6895809533484625,110_leap_voe_gaze,4.0,still,fam_shoe_1
1.087988827450299,17297,17535,68445.2,69401.2,956.0,763.5,415.5,0.0,0.0,0.2021096955855215,0.119655346928412,0.6895809533484625,0.9233372087208226,110_leap_voe_gaze,4.0,still,fam_shoe_1
1.087988827450299,17556,17628,69481.2,69773.2,292.0,-118.5,394.0,0.0,0.0,0.2395922430534774,0.1453940570376667,0.7363322044229345,0.7246443916543165,110_leap_voe_gaze,4.0,still,fam_shoe_1
1.087988827450299,17643,17725,69829.2,70161.2,332.0,627.0,439.5,0.0,0.0,0.2330317710868916,0.1500641614536899,0.6428297022739904,0.8181468938032606,110_leap_voe_gaze,4.0,still,fam_shoe_1
1.087988827450299,17731,18065,70181.2,71521.2,1340.0,772.0,431.5,0.0,0.0,0.2794791468542463,0.1655494828408964,1.3324106556224529,0.9116493959522046,110_leap_voe_gaze,4.0,still,fam_shoe_1
1.087988827450299,18072,18257,71545.2,72289.2,744.0,801.75,411.0,0.0,0.0,0.4080251645360357,0.3535542723339557,1.799923166367173,1.1220300257873288,110_leap_voe_gaze,4.0,still,fam_shoe_1
1.087988827450299,18285,18350,72397.2,72661.2,264.0,2586.5,523.5,0.0,0.0151515151515151,1.2028158055840965,2.880776791370394,5.820530758771768,2.5479431835587256,110_leap_voe_gaze,4.0,still,fam_shoe_1
1.087988827450299,18366,18421,72721.2,72945.2,224.0,1294.75,577.75,0.0,0.0,0.6670231591301005,0.61261716318758,3.062206945377918,0.9467128342580586,110_leap_voe_gaze,4.0,still,fam_shoe_1
1.087988827450299,18431,18696,72981.2,74045.2,1064.0,781.5,438.0,0.0,0.0,0.2326111322079742,0.402741357811299,0.9350250214894408,1.460976596077251,110_leap_voe_gaze,4.0,still,fam_shoe_1
1.087988827450299,18706,18769,74081.2,74337.2,256.0,513.75,523.5,0.0,0.0,0.26944006933395,0.1644972663089142,0.5610150128936644,0.8648981448777325,110_leap_voe_gaze,4.0,still,fam_shoe_1
1.087988827450299,18778,18897,74369.2,74849.2,480.0,753.0,444.25,0.0,0.0,0.2136670532969682,0.1469927124736668,0.7246443916543165,0.8882737704149686,110_leap_voe_gaze,4.0,still,fam_shoe_1
1.087988827450299,18962,19031,75105.2,75385.2,280.0,764.0,444.0,0.0,0.0,0.2517278029829173,0.1476806481556774,0.4324490724388662,1.0635909619442387,110_leap_voe_gaze,4.0,still,fam_shoe_1
1.087988827450299,19035,19305,75397.2,76481.2,1084.0,769.5,411.5,0.0,0.0,0.2374669040252361,0.13334228156347,0.6077662639681364,1.1454056513245647,110_leap_voe_gaze,4.0,still,fam_shoe_1
1.087988827450299,20343,20491,80629.2,81225.2,596.0,993.0,411.0,1.0,0.0,0.2542149201327111,0.1955051420477965,0.7713956427287885,1.0635909619442387,110_leap_voe_gaze,5.0,attn_getter,expected_duck_1
1.087988827450299,20497,20661,81245.2,81905.2,660.0,844.0,400.5,0.0,0.0,0.2850350353080203,0.2195330969117396,0.7012687661170804,1.1220300257873288,110_leap_voe_gaze,5.0,attn_getter,expected_duck_1
1.087988827450299,20671,20826,81941.2,82565.2,624.0,994.0,356.5,0.0,0.0,0.2454350911620918,0.1227201775063277,0.7129565788856985,0.8532103321091146,110_leap_voe_gaze,5.0,attn_getter,expected_duck_1
1.087988827450299,20836,20959,82601.2,83097.2,496.0,799.5,562.75,0.0,0.0,0.2341407817172103,0.1349748457754076,0.5376393873564284,0.8648981448777325,110_leap_voe_gaze,5.0,attn_getter,expected_duck_1
1.087988827450299,20969,21081,83133.2,83585.2,452.0,924.5,318.0,0.0,0.0,0.1521541419026912,0.069165812315512,0.5493272001250463,0.5727028256622824,110_leap_voe_gaze,5.0,attn_getter,expected_duck_1
1.087988827450299,21087,21297,83605.2,84449.2,844.0,907.0,509.0,0.0,0.0,0.2768039471663751,0.1437090933007465,0.5843906384309004,1.4142253450027789,110_leap_voe_gaze,,inter_trial,
1.087988827450299,21309,21427,84493.2,84969.2,476.0,286.5,502.5,0.0,0.0,0.2407317245608538,0.1137611693911706,0.4792003235133383,1.0168397108697669,110_leap_voe_gaze,,inter_trial,
1.087988827450299,21437,21519,85005.2,85337.2,332.0,683.5,532.0,0.0,0.0,0.2267122667812924,0.1653076701593603,0.8765859576463506,1.0402153364070026,110_leap_voe_gaze,5.0,movie,expected_duck_1
1.087988827450299,21528,21586,85369.2,85605.2,236.0,356.5,534.0,0.0,0.0,0.2177901329555464,0.1434628849188342,0.5727028256622824,0.7012687661170804,110_leap_voe_gaze,5.0,movie,expected_duck_1
1.087988827450299,21594,21711,85633.2,86105.2,472.0,445.0,317.25,0.0,0.0,0.220665469085015,0.1103221230662735,0.5493272001250463,0.9233372087208226,110_leap_voe_gaze,5.0,movie,expected_duck_1
1.087988827450299,21717,21802,86125.2,86469.2,344.0,512.5,378.75,0.0,0.0,0.2637012643731796,0.1269353872159929,0.5259515745878104,1.1687812768618009,110_leap_voe_gaze,5.0,movie,expected_duck_1
1.087988827450299,21807,21932,86485.2,86989.2,504.0,544.0,374.5,0.0,0.0,0.3207064264873098,0.2970534697005377,0.8999615831835865,2.3843138047980736,110_leap_voe_gaze,5.0,movie,expected_duck_1
1.087988827450299,21980,22217,87177.2,88129.2,952.0,537.0,363.0,0.0,0.0,0.3408526181912818,0.4779904226670962,1.460976596077251,2.734948187856614,110_leap_voe_gaze,5.0,movie,expected_duck_1
1.087988827450299,22224,22281,88153.2,88385.2,232.0,472.0,374.0,0.0,0.0,0.2324247687464892,0.1196290929139003,0.4675125107447203,0.7713956427287885,110_leap_voe_gaze,5.0,movie,expected_duck_1
1.087988827450299,22287,23231,88405.2,92185.1,3779.9000000000087,548.0,348.5,0.0,0.0,0.234364925407224,0.2150230687239673,0.8532103321091146,1.2272203407048907,110_leap_voe_gaze,5.0,movie,expected_duck_1
1.087988827450299,23241,23313,92221.1,92513.2,292.09999999999127,283.5,213.0,0.0,0.0,0.2386997117898124,0.1329938371132017,0.6895809533484625,0.7597078299601705,110_leap_voe_gaze,5.0,movie,expected_duck_1
1.087988827450299,23322,23413,92545.2,92913.2,368.0,472.5,348.5,0.0,0.0,0.2366950554768887,0.1407382601924893,0.4792003235133383,1.1103422130187108,110_leap_voe_gaze,5.0,movie,expected_duck_1
1.087988827450299,23420,23606,92937.2,93685.2,748.0,393.5,371.0,0.0,0.0,0.2558950020494201,0.2649358858368587,0.8882737704149686,1.297347217316599,110_leap_voe_gaze,5.0,movie,expected_duck_1
1.087988827450299,23612,23678,93705.2,93973.2,268.0,492.0,355.0,0.0,0.0,0.2430160716838238,0.1248758586685354,0.4792003235133383,0.9116493959522046,110_leap_voe_gaze,5.0,movie,expected_duck_1
1.087988827450299,23684,23763,93993.2,94313.2,320.0,529.5,351.25,0.0,0.0,0.2438147659189785,0.1323565635048503,0.5025759490505743,0.9116493959522046,110_leap_voe_gaze,5.0,movie,expected_duck_1
1.087988827450299,23767,23876,94325.2,94765.2,440.0,578.75,348.5,0.0,0.0,0.2169615569110903,0.4185803698933624,1.379161906696925,0.7246443916543165,110_leap_voe_gaze,5.0,movie,expected_duck_1
1.087988827450299,23882,23962,94785.1,95109.2,324.09999999999127,667.5,351.0,0.0,0.0,0.2095185105102666,0.3566298381945472,1.379161906696925,0.6311418895053724,110_leap_voe_gaze,5.0,movie,expected_duck_1
1.087988827450299,24023,24267,95349.1,96329.2,980.0999999999912,712.0,347.5,0.0,0.0,0.1999469613170887,0.4363841689057702,1.6830450386809932,0.8882737704149686,110_leap_voe_gaze,5.0,movie,expected_duck_1
1.087988827450299,24271,24556,96341.2,97485.1,1143.9000000000087,741.0,377.5,0.0,0.0,0.2009523980576559,0.3149740297481696,1.0285275236383846,1.1454056513245647,110_leap_voe_gaze,5.0,movie,expected_duck_1
1.087988827450299,24563,24637,97509.1,97809.1,300.0,815.5,360.5,0.0,0.0,0.2084988293208351,0.0868822460045894,0.5376393873564284,0.6077662639681364,110_leap_voe_gaze,5.0,movie,expected_duck_1
1.087988827450299,24641,24707,97821.1,98089.1,268.0,848.0,354.5,0.0,0.0,0.2816709235940807,0.1211878455684657,0.4324490724388662,1.086966587481475,110_leap_voe_gaze,5.0,movie,expected_duck_1
1.087988827450299,24714,24835,98113.1,98601.1,488.0,751.0,332.5,0.0,0.0,0.2113950987570871,0.1047851629218366,0.5843906384309004,0.8064590810346426,110_leap_voe_gaze,6.0,still,expected_duck_1
1.087988827450299,24844,24987,98633.1,99209.1,576.0,863.5,367.0,0.0,0.0,0.1992281678891692,0.1020862966912223,0.5843906384309004,0.7947712682660245,110_leap_voe_gaze,6.0,still,expected_duck_1
1.087988827450299,24998,25067,99249.1,99529.1,280.0,417.0,488.0,0.0,0.0,0.2627338267157013,0.1395568627189273,0.7713956427287885,0.8415225193404966,110_leap_voe_gaze,6.0,still,expected_duck_1
1.087988827450299,25079,25145,99573.1,99841.1,268.0,808.5,386.0,0.0,0.0,0.2064679851477715,0.0943911770847196,0.6545175150426085,0.4792003235133383,110_leap_voe_gaze,6.0,still,expected_duck_1
1.087988827450299,25151,25457,99861.1,101089.1,1228.0,874.0,372.0,0.0,0.0,0.2108458878696919,0.2232769075803484,1.0402153364070026,0.8064590810346426,110_leap_voe_gaze,6.0,still,expected_duck_1
1.087988827450299,25466,25527,101121.1,101369.1,248.0,790.5,389.0,0.0,0.0,0.2228084127168944,0.10235791362408,0.4908881362819563,0.6077662639681364,110_leap_voe_gaze,6.0,still,expected_duck_1
1.087988827450299,25534,25775,101393.1,102361.1,968.0,858.5,380.5,0.0,0.0,0.22832451294354,0.147589973563109,1.2155325279362728,0.8999615831835865,110_leap_voe_gaze,6.0,still,expected_duck_1
1.087988827450299,25781,25853,102381.1,102673.1,292.0,818.0,474.0,0.0,0.0,0.2205553205034262,0.0977650779297992,0.5493272001250463,0.7363322044229345,110_leap_voe_gaze,6.0,still,expected_duck_1
1.087988827450299,25861,25941,102701.1,103025.1,324.0,822.0,404.0,0.0,0.0,0.2016105354994155,0.1147829642014477,0.5142637618191923,0.6311418895053724,110_leap_voe_gaze,6.0,still,expected_duck_1
1.087988827450299,25946,26176,103041.1,103965.1,924.0,838.5,368.5,0.0,0.0,0.1841743772988367,0.0701539284277372,0.4675125107447203,0.5960784511995184,110_leap_voe_gaze,6.0,still,expected_duck_1
1.087988827450299,26181,26784,103981.1,106397.1,2416.0,880.5,374.5,0.0,0.0,0.2183131578482656,0.330267814408519,1.5544790982261951,0.9350250214894408,110_leap_voe_gaze,6.0,still,expected_duck_1
1.087988827450299,26794,27005,106433.1,107281.1,848.0,1088.5,389.5,0.0,0.0,0.2245415027189547,0.1432401622276399,0.8181468938032606,0.8532103321091146,110_leap_voe_gaze,6.0,still,expected_duck_1
1.087988827450299,27015,27203,107317.1,108073.1,756.0,876.0,384.0,0.0,0.0,0.1837319041818517,0.0974489688092211,0.6895809533484625,0.6077662639681364,110_leap_voe_gaze,6.0,still,expected_duck_1
1.087988827450299,27217,27278,108125.1,108373.1,248.0,72.0,630.0,0.0,0.0,0.2043107802592194,0.1312323124239449,0.8532103321091146,0.5727028256622824,110_leap_voe_gaze,6.0,still,expected_duck_1
1.087988827450299,27292,27354,108425.1,108677.1,252.0,771.5,395.0,0.0,0.0,0.2616970730613207,0.1952777346809152,0.8882737704149686,0.8064590810346426,110_leap_voe_gaze,6.0,still,expected_duck_1
1.087988827450299,27361,27440,108701.1,109021.1,320.0,851.5,368.0,0.0,0.0,0.2755192580991381,0.1108722565562423,0.4441368852074843,1.2155325279362728,110_leap_voe_gaze,6.0,still,expected_duck_1
1.087988827450299,27999,28052,111253.1,111469.1,216.0,821.5,522.5,1.0,0.0,0.5253533672408587,0.4428752872304652,0.8999615831835865,1.7414841025240833,110_leap_voe_gaze,6.0,still,expected_duck_1
1.087988827450299,28062,28280,111505.1,112381.1,876.0,867.5,354.0,0.0,0.0,0.2396583453016945,0.4032667438370347,1.1337178385559468,1.3557862811596888,110_leap_voe_gaze,6.0,still,expected_duck_1
1.087988827450299,28291,28357,112421.1,112689.1,268.0,228.5,485.0,0.0,0.0,0.296645303716702,0.182599854870011,0.9584006470266766,0.7246443916543165,110_leap_voe_gaze,6.0,still,expected_duck_1
1.087988827450299,28368,28425,112729.1,112961.1,232.0,704.0,393.25,0.0,0.0,0.2456539099132605,0.1686349899410964,0.8882737704149686,0.8181468938032606,110_leap_voe_gaze,6.0,still,expected_duck_1
1.087988827450299,28432,28510,112985.1,113301.1,316.0,834.5,379.0,0.0,0.0,0.2064861058610614,0.1353483821574111,0.6428297022739904,0.6895809533484625,110_leap_voe_gaze,6.0,still,expected_duck_1
1.087988827450299,28515,28737,113317.1,114209.1,892.0,876.0,374.0,0.0,0.0,0.1964221810308658,0.1027942192930528,0.6311418895053724,0.7363322044229345,110_leap_voe_gaze,6.0,still,expected_duck_1
1.087988827450299,28746,28800,114241.1,114461.1,220.0,600.5,446.0,0.0,0.0,0.1901507587962608,0.0882047805234127,0.6194540767367545,0.5025759490505743,110_leap_voe_gaze,6.0,still,expected_duck_1
1.087988827450299,28811,28881,114501.1,114785.1,284.0,350.0,441.5,0.0,0.0,0.2373518243460644,0.1565374523653343,0.7597078299601705,0.7363322044229345,110_leap_voe_gaze,6.0,still,expected_duck_1
1.087988827450299,28889,28987,114813.1,115209.1,396.0,114.5,401.5,0.0,0.0,0.302918319096961,0.1649951760309745,0.5960784511995184,0.8064590810346426,110_leap_voe_gaze,6.0,still,expected_duck_1
1.087988827450299,28997,29160,115245.1,115901.1,656.0,372.5,519.25,0.0,0.0,0.2582506427321968,0.1672185104621177,0.9350250214894408,0.9467128342580586,110_leap_voe_gaze,6.0,still,expected_duck_1
1.087988827450299,29172,29252,115945.1,116269.1,324.0,806.5,368.5,0.0,0.0,0.2320038194642607,0.1352628339756351,0.7597078299601705,0.7246443916543165,110_leap_voe_gaze,6.0,still,expected_duck_1
1.087988827450299,29258,29489,116289.1,117217.1,928.0,865.0,368.25,0.0,0.0,0.1847957459956341,0.0774120040884902,0.4908881362819563,0.7830834554974065,110_leap_voe_gaze,6.0,still,expected_duck_1
1.087988827450299,29502,29630,117265.1,117781.1,516.0,100.0,478.0,0.0,0.0,0.3809648802198896,0.3107311124553562,1.3324106556224529,1.1804690896304189,110_leap_voe_gaze,6.0,still,expected_duck_1
1.087988827450299,29639,29735,117813.1,118201.1,388.0,437.5,615.0,0.0,0.0,0.2143075555965893,0.1080066808898385,0.5960784511995184,0.6778931405798444,110_leap_voe_gaze,6.0,still,expected_duck_1
1.087988827450299,29751,29943,118261.1,119033.1,772.0,867.5,344.0,0.0,0.0,0.2180480038505486,0.196395039392371,0.5727028256622824,1.086966587481475,110_leap_voe_gaze,6.0,still,expected_duck_1
1.087988827450299,29954,30036,119073.1,119405.1,332.0,302.0,387.0,0.0,0.0,0.2934412632991231,0.2084282439759944,1.1454056513245647,0.7246443916543165,110_leap_voe_gaze,6.0,still,expected_duck_1
1.087988827450299,30046,30197,119441.1,120049.1,608.0,89.0,339.5,0.0,0.0,0.214283369375108,0.1422843448014202,0.7947712682660245,0.6895809533484625,110_leap_voe_gaze,6.0,still,expected_duck_1
1.087988827450299,30205,30364,120077.1,120717.1,640.0,-53.5,556.75,0.0,0.0,0.2249761948891074,0.139460851531517,0.7129565788856985,0.9350250214894408,110_leap_voe_gaze,6.0,still,expected_duck_1
1.087988827450299,30381,30987,120781.1,123209.1,2428.0,883.0,377.0,0.0,0.0,0.2017204706606488,0.3271506553123479,1.0986544002500926,1.1921569023990368,110_leap_voe_gaze,6.0,still,expected_duck_1
1.087988827450299,30999,31108,123253.1,123693.1,440.0,1344.0,811.0,0.0,0.0,0.3171278619810355,0.2057632112358261,1.7882353535985551,0.9934640853325306,110_leap_voe_gaze,6.0,still,expected_duck_1
1.087988827450299,31117,31176,123725.1,123965.1,240.0,1386.75,632.0,0.0,0.0,0.2887037722433953,0.1696490742091712,0.7129565788856985,0.7947712682660245,110_leap_voe_gaze,6.0,still,expected_duck_1
1.087988827450299,31186,31476,124001.1,125165.1,1164.0,1536.0,1157.0,0.0,0.0,0.274405798390033,0.2596140064799174,2.1038062983512416,1.0635909619442387,110_leap_voe_gaze,6.0,still,expected_duck_1
1.087988827450299,31493,31561,125229.1,125505.1,276.0,751.5,427.5,0.0,0.0,0.3227558396993333,0.1568184429313336,0.5610150128936644,1.0986544002500926,110_leap_voe_gaze,6.0,still,expected_duck_1
1.087988827450299,31570,31718,125537.1,126133.1,596.0,830.5,370.0,0.0,0.0,0.1770147617600822,0.0821741773749585,0.4441368852074843,0.6778931405798444,110_leap_voe_gaze,6.0,still,expected_duck_1
1.087988827450299,31731,31840,126181.1,126621.1,440.0,297.5,1086.0,0.0,0.0,0.2634655997362126,0.1953579052369514,1.0752787747128567,0.8648981448777325,110_leap_voe_gaze,6.0,still,expected_duck_1
1.087988827450299,31856,31942,126681.1,127029.1,348.0,829.5,389.0,0.0,0.0,0.2375444844232517,0.1016754585743794,0.5259515745878104,0.6194540767367545,110_leap_voe_gaze,6.0,still,expected_duck_1
1.087988827450299,31947,32047,127045.1,127449.1,404.0,866.5,380.5,0.0,0.0,0.1751846795722272,0.0886097456948481,0.5259515745878104,0.5960784511995184,110_leap_voe_gaze,6.0,still,expected_duck_1
1.087988827450299,32060,32079,127497.1,127577.1,80.0,-402.5,887.5,1.0,0.0,2.1938720816708748,45.33380946558181,26.367705606002225,4.394617601000371,110_leap_voe_gaze,6.0,still,expected_duck_1
1.087988827450299,32188,32256,128009.1,128285.1,276.0,725.0,545.0,0.0,0.0,0.2428232350194497,0.1350926592924061,1.0168397108697669,0.5960784511995184,110_leap_voe_gaze,6.0,still,expected_duck_1
1.087988827450299,32266,32372,128321.1,128749.1,428.0,842.0,389.0,0.0,0.0,0.2132221367342452,0.1156430189674495,0.5960784511995184,0.7246443916543165,110_leap_voe_gaze,,inter_trial,
1.087988827450299,32383,32441,128789.1,129025.1,236.0,278.5,468.0,0.0,0.0,0.2259168920162454,0.159795075186731,0.7363322044229345,0.7597078299601705,110_leap_voe_gaze,,inter_trial,
1.087988827450299,32454,32535,129073.1,129401.1,328.0,1002.25,561.25,0.0,0.0,0.2754507164922073,0.2179269241408358,0.8882737704149686,0.8298347065718785,110_leap_voe_gaze,,inter_trial,
1.087988827450299,32546,32642,129441.1,129829.0,387.8999999999942,451.0,915.5,0.0,0.0,0.2813407503006859,0.1554621626269589,0.8298347065718785,0.6662053278112264,110_leap_voe_gaze,,inter_trial,
1.087988827450299,32659,32735,129893.0,130201.1,308.1000000000058,1452.5,871.5,0.0,0.0,0.2969153661058591,0.1889756751577963,0.8532103321091146,0.6545175150426085,110_leap_voe_gaze,7.0,attn_getter,surprise_shoe_1
1.087988827450299,32744,32877,130233.1,130769.1,536.0,1075.25,564.0,0.0,0.0,0.2730541710322728,0.14368732430809,0.7129565788856985,1.0285275236383846,110_leap_voe_gaze,7.0,attn_getter,surprise_shoe_1
1.087988827450299,32888,33252,130809.1,132269.0,1459.8999999999942,776.5,572.0,0.0,0.0,0.2143015723583124,0.4839475121932146,1.542791285457577,1.542791285457577,110_leap_voe_gaze,7.0,attn_getter,surprise_shoe_1
1.087988827450299,33263,33382,132309.0,132789.0,480.0,1075.0,357.0,0.0,0.0,0.2251359202306536,0.1359004375941132,0.6077662639681364,0.8765859576463506,110_leap_voe_gaze,7.0,attn_getter,surprise_shoe_1
1.087988827450299,33391,33467,132821.0,133129.0,308.0,859.0,405.5,0.0,0.0,0.1954963796946838,0.105153859018229,0.7363322044229345,0.7246443916543165,110_leap_voe_gaze,7.0,attn_getter,surprise_shoe_1
1.087988827450299,33473,33682,133149.0,133989.0,840.0,964.0,460.5,0.0,0.0,0.2464817676406131,0.164123930272242,0.5843906384309004,0.9584006470266766,110_leap_voe_gaze,,inter_trial,
1.087988827450299,33690,33757,134017.0,134289.0,272.0,808.75,512.0,0.0,0.0,0.2600648591819508,0.1312370176434426,0.5025759490505743,0.8532103321091146,110_leap_voe_gaze,,inter_trial,
1.087988827450299,33763,33911,134309.0,134905.0,596.0,860.0,539.5,0.0,0.0,0.2280884486112243,0.1142715740145072,0.5142637618191923,0.9467128342580586,110_leap_voe_gaze,,inter_trial,
1.087988827450299,33922,34007,134945.0,135289.0,344.0,385.0,502.75,0.0,0.0,0.2051241990845003,0.1233440278434863,0.8298347065718785,0.7129565788856985,110_leap_voe_gaze,7.0,movie,surprise_shoe_1
1.087988827450299,34013,34127,135309.0,135769.0,460.0,424.5,519.0,0.0,0.0,0.2319293030278004,0.1134839697758138,0.4908881362819563,0.9817762725639126,110_leap_voe_gaze,7.0,movie,surprise_shoe_1
1.087988827450299,34138,34221,135809.0,136145.0,336.0,543.5,347.5,0.0,0.0,0.2365940945633188,0.193037371326762,0.5727028256622824,1.086966587481475,110_leap_voe_gaze,7.0,movie,surprise_shoe_1
1.087988827450299,34228,34297,136169.0,136449.0,280.0,678.0,356.5,0.0,0.0,0.1908144995659147,0.1086491920400215,0.5843906384309004,0.6778931405798444,110_leap_voe_gaze,7.0,movie,surprise_shoe_1
1.087988827450299,34303,34510,136469.0,137301.1,832.1000000000058,606.75,420.5,0.0,0.0,0.2192587276633927,0.175320112978865,0.7246443916543165,1.0519031491756208,110_leap_voe_gaze,7.0,movie,surprise_shoe_1
1.087988827450299,34518,34597,137329.1,137649.0,319.8999999999942,659.0,412.5,0.0,0.0,0.1989319991301138,0.0753975424887007,0.4792003235133383,0.6545175150426085,110_leap_voe_gaze,7.0,movie,surprise_shoe_1
1.087988827450299,34606,34657,137681.0,137889.0,208.0,415.25,501.75,0.0,0.0,0.2775894732880407,0.1609021230125431,0.6428297022739904,1.0402153364070026,110_leap_voe_gaze,7.0,movie,surprise_shoe_1
1.087988827450299,34668,35017,137929.0,139329.0,1400.0,589.5,419.75,0.0,0.0,0.2278047709907179,0.1455865791165027,0.6311418895053724,1.1570934640931827,110_leap_voe_gaze,7.0,movie,surprise_shoe_1
1.087988827450299,35025,35157,139357.0,139889.0,532.0,440.5,245.0,0.0,0.0,0.2423764536043719,0.2253580469263744,0.8298347065718785,1.0168397108697669,110_leap_voe_gaze,7.0,movie,surprise_shoe_1
1.087988827450299,35163,35577,139909.0,141569.0,1660.0,589.5,396.5,0.0,0.0,0.2212631295285662,0.3197636648540209,1.3324106556224529,1.1103422130187108,110_leap_voe_gaze,7.0,movie,surprise_shoe_1
1.087988827450299,35585,35732,141597.0,142189.0,592.0,677.75,408.5,0.0,0.0,0.1917283135179197,0.3527896027575891,1.460976596077251,0.6778931405798444,110_leap_voe_gaze,7.0,movie,surprise_shoe_1
1.087988827450299,35747,35927,142245.0,142969.0,724.0,833.5,404.0,0.0,0.0,0.1891857826392455,0.3743731017765093,1.8583622302102631,0.6895809533484625,110_leap_voe_gaze,7.0,movie,surprise_shoe_1
1.087988827450299,35934,36241,142993.0,144225.0,1232.0,939.0,411.5,0.0,0.0,0.1679239977441315,0.2232088529644801,1.2856594045479808,0.7947712682660245,110_leap_voe_gaze,7.0,movie,surprise_shoe_1
1.087988827450299,36248,36697,144249.0,146049.0,1800.0,1008.0,425.5,0.0,0.0,0.1758500125089042,0.3991522174931489,1.309035030085217,1.0635909619442387,110_leap_voe_gaze,7.0,movie,surprise_shoe_1
1.087988827450299,36712,36787,146105.0,146409.0,304.0,474.5,885.5,0.0,0.0,0.3231139474231747,0.1589295699689552,1.309035030085217,0.6545175150426085,110_leap_voe_gaze,7.0,movie,surprise_shoe_1
1.087988827450299,36794,36852,146433.0,146669.0,236.0,321.0,1169.0,0.0,0.0169491525423728,0.8577413378827152,1.4093016871316424,2.99208006876621,1.9986159834336792,110_leap_voe_gaze,7.0,movie,surprise_shoe_1
1.087988827450299,36870,36927,146737.0,146969.0,232.0,984.0,507.25,0.0,0.0,0.1988194248550092,0.0855803743728232,0.4441368852074843,0.5025759490505743,110_leap_voe_gaze,7.0,movie,surprise_shoe_1
1.087988827450299,36935,37117,146997.0,147729.0,732.0,1098.0,430.5,0.0,0.0,0.1978675923279621,0.0911768643742005,0.7012687661170804,0.7246443916543165,110_leap_voe_gaze,7.0,movie,surprise_shoe_1
1.087988827450299,37127,37242,147765.0,148229.0,464.0,1045.5,301.25,0.0,0.0,0.199197353050466,0.1068519795440201,0.5493272001250463,0.7597078299601705,110_leap_voe_gaze,7.0,movie,surprise_shoe_1
1.087988827450299,37248,37306,148249.0,148485.0,236.0,1058.5,391.5,0.0,0.0,0.1993614298561313,0.0872557204303461,0.3740100085957762,0.6778931405798444,110_leap_voe_gaze,8.0,still,surprise_shoe_1
1.087988827450299,37316,37476,148521.0,149165.0,644.0,737.0,332.5,0.0,0.0,0.1810078662083004,0.0895752907318987,0.5025759490505743,0.7012687661170804,110_leap_voe_gaze,8.0,still,surprise_shoe_1
1.087988827450299,37485,37582,149197.0,149589.0,392.0,1045.0,440.75,0.0,0.0,0.2004112696124138,0.0820602971993887,0.5493272001250463,0.6545175150426085,110_leap_voe_gaze,8.0,still,surprise_shoe_1
1.087988827450299,37588,37710,149609.0,150101.0,492.0,1061.0,414.0,0.0,0.0,0.2138330980308894,0.1307414988105878,0.6778931405798444,0.7246443916543165,110_leap_voe_gaze,8.0,still,surprise_shoe_1
1.087988827450299,37718,37805,150129.0,150481.0,352.0,832.75,514.0,0.0,0.0,0.1965595410285825,0.1096696419105191,0.5376393873564284,0.6662053278112264,110_leap_voe_gaze,8.0,still,surprise_shoe_1
1.087988827450299,37815,38022,150517.0,151349.0,832.0,1031.5,439.5,0.0,0.0,0.1772693484540087,0.0814581073488329,0.5142637618191923,0.6311418895053724,110_leap_voe_gaze,8.0,still,surprise_shoe_1
1.087988827450299,38030,38102,151377.0,151669.0,292.0,859.5,429.5,0.0,0.0,0.1897795539320552,0.0944462004064564,0.5025759490505743,0.4908881362819563,110_leap_voe_gaze,8.0,still,surprise_shoe_1
1.087988827450299,38108,38193,151689.0,152033.0,344.0,811.5,424.25,0.0,0.0,0.2308192894231933,0.0933874119585479,0.4792003235133383,0.5843906384309004,110_leap_voe_gaze,8.0,still,surprise_shoe_1
1.087988827450299,38207,38277,152085.0,152369.0,284.0,394.0,323.5,0.0,0.0,0.2176032735741633,0.1235879069387719,0.5376393873564284,0.7480200171915525,110_leap_voe_gaze,8.0,still,surprise_shoe_1
1.087988827450299,38287,38377,152405.0,152769.0,364.0,28.5,411.0,0.0,0.0,0.3196426263082774,0.2094441115702962,0.7947712682660245,0.8064590810346426,110_leap_voe_gaze,8.0,still,surprise_shoe_1
1.087988827450299,38387,38477,152805.0,153169.0,364.0,366.0,778.0,0.0,0.0,0.1673394767126251,0.104041237023793,0.6778931405798444,0.6311418895053724,110_leap_voe_gaze,8.0,still,surprise_shoe_1
1.087988827450299,38488,38592,153209.0,153629.0,420.0,403.0,631.0,0.0,0.0,0.2417694716216163,0.1452031874098676,0.7597078299601705,0.7363322044229345,110_leap_voe_gaze,8.0,still,surprise_shoe_1
1.087988827450299,38599,38656,153653.0,153885.0,232.0,409.5,553.75,0.0,0.0,0.2002068263173251,0.1157605982666091,0.7129565788856985,0.5843906384309004,110_leap_voe_gaze,8.0,still,surprise_shoe_1
1.087988827450299,38669,38847,153933.0,154649.0,716.0,1043.0,436.0,0.0,0.0,0.2036558958052762,0.1903399527217454,0.8181468938032606,1.0635909619442387,110_leap_voe_gaze,8.0,still,surprise_shoe_1
1.087988827450299,38859,38986,154693.0,155205.0,512.0,809.5,387.0,0.0,0.0,0.2069812887271458,0.1367316132110673,0.7713956427287885,0.9233372087208226,110_leap_voe_gaze,8.0,still,surprise_shoe_1
1.087988827450299,38999,39107,155253.0,155689.0,436.0,192.5,427.0,0.0,0.0,0.2383988060095492,0.1532875403882615,0.6895809533484625,0.8648981448777325,110_leap_voe_gaze,8.0,still,surprise_shoe_1
1.087988827450299,39118,39187,155729.0,156009.0,280.0,406.5,606.5,0.0,0.0,0.2560942068571536,0.1156585807649614,0.6545175150426085,0.5727028256622824,110_leap_voe_gaze,8.0,still,surprise_shoe_1
1.087988827450299,39197,39247,156045.0,156249.0,204.0,398.0,1080.5,0.0,0.0,0.2647334743301518,0.1414564099578728,0.6194540767367545,0.7363322044229345,110_leap_voe_gaze,8.0,still,surprise_shoe_1
1.087988827450299,39253,39313,156269.0,156513.0,244.0,340.5,1125.5,0.0,0.0,0.2206387473946845,0.1345911984526623,0.6545175150426085,0.7363322044229345,110_leap_voe_gaze,8.0,still,surprise_shoe_1
1.087988827450299,39498,39519,157249.0,157337.0,88.0,695.25,838.0,1.0,0.0909090909090909,0.8571726751533226,3.2725995495292413,2.080430672814005,3.015455694303446,110_leap_voe_gaze,8.0,still,surprise_shoe_1
1.087988827450299,39521,39581,157341.0,157585.0,244.0,730.5,801.5,0.0,0.0,0.3399626929476795,0.297110073392255,1.367474093928307,0.9116493959522046,110_leap_voe_gaze,8.0,still,surprise_shoe_1
1.087988827450299,39591,39650,157621.0,157861.0,240.0,1059.5,481.5,0.0,0.0,0.2370511836569798,0.1389570650714284,0.5259515745878104,0.7597078299601705,110_leap_voe_gaze,8.0,still,surprise_shoe_1
1.087988827450299,39656,39757,157881.0,158289.0,408.0,1066.0,422.5,0.0,0.0,0.2352356944804726,0.134504248831638,0.5376393873564284,0.9467128342580586,110_leap_voe_gaze,8.0,still,surprise_shoe_1
1.087988827450299,39773,39840,158349.0,158621.0,272.0,411.0,982.5,0.0,0.0,0.2146927167557524,0.1304013898383274,0.6895809533484625,0.6662053278112264,110_leap_voe_gaze,8.0,still,surprise_shoe_1
1.087988827450299,39846,39897,158641.0,158849.0,208.0,303.75,1168.0,0.0,0.0,0.2316209246845285,0.1998714808761477,0.8298347065718785,0.9233372087208226,110_leap_voe_gaze,8.0,still,surprise_shoe_1
1.087988827450299,39912,39956,158905.0,159085.0,180.0,980.5,538.5,0.0,0.0,0.2303647654118266,0.1866844487481339,0.6778931405798444,0.8648981448777325,110_leap_voe_gaze,8.0,still,surprise_shoe_1
1.087988827450299,39965,40178,159117.0,159973.0,856.0,1058.0,431.0,0.0,0.0,0.2087494748146147,0.1377373168938304,0.8765859576463506,0.8181468938032606,110_leap_voe_gaze,8.0,still,surprise_shoe_1
1.087988827450299,40191,40244,160021.0,160237.0,216.0,1534.75,1027.5,0.0,0.0,0.214577739622612,0.1061024393977548,0.6895809533484625,0.5259515745878104,110_leap_voe_gaze,8.0,still,surprise_shoe_1
1.087988827450299,40251,40386,160261.0,160805.0,544.0,1533.5,1162.25,0.0,0.0,0.1831311699847317,0.1305825627349381,0.6778931405798444,0.8999615831835865,110_leap_voe_gaze,8.0,still,surprise_shoe_1
1.087988827450299,40392,40461,160825.0,161105.0,280.0,1589.0,1174.5,0.0,0.0,0.3600254382122081,0.1953217086749232,2.3609381792608377,0.6428297022739904,110_leap_voe_gaze,8.0,still,surprise_shoe_1
1.087988827450299,40477,40526,161165.0,161365.0,200.0,857.25,523.0,0.0,0.0,0.2294469038558468,0.1385095411435422,0.7830834554974065,0.6077662639681364,110_leap_voe_gaze,8.0,still,surprise_shoe_1
1.087988827450299,40537,40765,161405.0,162321.0,916.0,1062.5,440.0,0.0,0.0,0.196844809811623,0.1078109495421968,0.6662053278112264,0.7129565788856985,110_leap_voe_gaze,8.0,still,surprise_shoe_1
1.087988827450299,40771,41061,162341.0,163505.0,1164.0,1152.0,446.5,0.0,0.0,0.2465470381934424,0.2228263856083558,0.6662053278112264,1.1804690896304189,110_leap_voe_gaze,8.0,still,surprise_shoe_1
1.087988827450299,41075,41215,163557.0,164121.0,564.0,672.0,527.5,0.0,0.0,0.2018692974411409,0.1036591489000988,0.5960784511995184,0.6077662639681364,110_leap_voe_gaze,8.0,still,surprise_shoe_1
1.087988827450299,41226,41391,164161.0,164825.0,664.0,1097.5,433.5,0.0,0.0,0.2371180059142872,0.3019960668881048,1.0519031491756208,1.566166910994813,110_leap_voe_gaze,8.0,still,surprise_shoe_1
1.087988827450299,41397,41634,164845.0,165797.0,952.0,1125.25,414.0,0.0,0.0,0.1907131480565112,0.0936270562712935,0.5610150128936644,0.8181468938032606,110_leap_voe_gaze,8.0,still,surprise_shoe_1
1.087988827450299,41641,41813,165821.0,166513.0,692.0,1058.5,411.5,0.0,0.0,0.200106791867389,0.174687656207718,0.7012687661170804,0.9817762725639126,110_leap_voe_gaze,8.0,still,surprise_shoe_1
1.087988827450299,41827,41880,166565.0,166781.0,216.0,359.0,1180.0,0.0,0.0,1.0013612119382156,1.0726132903110075,3.132333821989626,1.2038447151676548,110_leap_voe_gaze,8.0,still,surprise_shoe_1
1.087988827450299,41886,41987,166801.0,167209.0,408.0,333.75,1147.0,0.0,0.0,0.3114835266581915,0.2219923016309506,1.1804690896304189,0.6895809533484625,110_leap_voe_gaze,8.0,still,surprise_shoe_1
1.087988827450299,42006,42119,167281.0,167737.0,456.0,1091.25,469.75,0.0,0.0,0.222772297696796,0.1247277009537129,0.6662053278112264,0.8181468938032606,110_leap_voe_gaze,8.0,still,surprise_shoe_1
1.087988827450299,42121,42400,167741.0,168861.0,1120.0,1095.0,426.0,0.0,0.0,0.2185861684324401,0.2162004703617128,0.7246443916543165,1.601230349300667,110_leap_voe_gaze,8.0,still,surprise_shoe_1
1.087988827450299,42407,42456,168885.0,169085.0,200.0,1176.5,398.5,0.0,0.0,0.2230080080889961,0.095901281080388,0.4792003235133383,0.4908881362819563,110_leap_voe_gaze,8.0,still,surprise_shoe_1
1.087988827450299,42464,42711,169113.0,170105.0,992.0,1112.5,430.0,0.0,0.0,0.2083519007649198,0.1229761525701096,0.5843906384309004,0.7830834554974065,110_leap_voe_gaze,8.0,still,surprise_shoe_1
1.087988827450299,42717,42800,170125.0,170461.0,336.0,1065.0,420.0,0.0,0.0,0.2083050751099147,0.0765711122465605,0.3973856341330122,0.7012687661170804,110_leap_voe_gaze,8.0,still,surprise_shoe_1
1.087988827450299,42811,42914,170501.0,170917.0,416.0,578.0,497.0,0.0,0.0,0.2325930907011356,0.1231177151592457,0.7129565788856985,0.6778931405798444,110_leap_voe_gaze,8.0,still,surprise_shoe_1
1.087988827450299,42921,42976,170941.0,171165.0,224.0,497.5,523.0,0.0,0.0,0.2099906746716301,0.1067834407446421,0.5142637618191923,0.6895809533484625,110_leap_voe_gaze,8.0,still,surprise_shoe_1
1.087988827450299,42989,43166,171213.0,171925.0,712.0,1044.0,405.5,0.0,0.0,0.1875777874026638,0.1271322449039141,0.8765859576463506,0.6662053278112264,110_leap_voe_gaze,8.0,still,surprise_shoe_1
1.087988827450299,43176,43283,171961.0,172393.0,432.0,748.0,355.0,0.0,0.0,0.2285451555155224,0.1094599569034819,0.5727028256622824,0.7129565788856985,110_leap_voe_gaze,8.0,still,surprise_shoe_1
1.087988827450299,43292,43600,172425.0,173661.0,1236.0,1062.5,407.5,0.0,0.0,0.2058875288025795,0.2104419775561508,1.1570934640931827,0.9700884597952948,110_leap_voe_gaze,8.0,still,surprise_shoe_1
1.087988827450299,43609,43666,173693.0,173925.0,232.0,857.5,380.5,0.0,0.0,0.1957582391604851,0.1097889605963834,0.6895809533484625,0.6311418895053724,110_leap_voe_gaze,8.0,still,surprise_shoe_1
1.087988827450299,43672,43765,173945.0,174321.0,376.0,801.25,376.5,0.0,0.0,0.2043562098188529,0.1114593019651505,0.5376393873564284,0.7480200171915525,110_leap_voe_gaze,8.0,still,surprise_shoe_1
1.087988827450299,43775,44354,174357.0,176677.0,2320.0,1055.0,407.5,0.0,0.0,0.2233323271511114,0.3475460189718533,1.7414841025240833,0.9700884597952948,110_leap_voe_gaze,8.0,still,surprise_shoe_1
1.087988827450299,44367,44449,176725.0,177057.0,332.0,1040.0,-43.0,0.0,0.0,0.257727244193248,0.1333862882744396,1.309035030085217,0.6545175150426085,110_leap_voe_gaze,8.0,still,surprise_shoe_1
1.087988827450299,44461,44478,177101.0,177173.0,72.0,842.5,1025.5,1.0,0.5555555555555556,2.1456545125979787,37.94525010870574,4.277739473314191,12.295579032586144,110_leap_voe_gaze,8.0,still,surprise_shoe_1
1.087988827450299,44631,44672,177781.0,177949.0,168.0,863.25,744.5,1.0,0.0,0.2890137362997987,0.156486260229989,0.6077662639681364,0.7246443916543165,110_leap_voe_gaze,8.0,still,surprise_shoe_1
1.087988827450299,44684,44733,177993.0,178193.0,200.0,1073.0,457.0,0.0,0.0,0.2379114331598976,0.1033116930528358,0.4441368852074843,0.8298347065718785,110_leap_voe_gaze,8.0,still,surprise_shoe_1
1.087988827450299,44745,44760,178237.0,178301.0,64.0,-242.25,934.5,1.0,0.0,2.022543270542048,21.52875097851535,27.033910933813452,11.50080776432012,110_leap_voe_gaze,8.0,still,surprise_shoe_1
1.087988827450299,45053,45088,179469.0,179612.9,143.89999999999418,1551.5,1019.0,0.0,0.0,0.2740821464919782,0.1079696263804563,0.5843906384309004,0.3856978213643942,110_leap_voe_gaze,,inter_trial,
1.087988827450299,45103,45222,179668.9,180149.0,480.1000000000058,475.25,819.0,0.0,0.0,0.2513547759888382,0.1750724392474795,1.0285275236383846,0.7597078299601705,110_leap_voe_gaze,,inter_trial,
1.087988827450299,45241,45325,180221.0,180561.0,340.0,1342.5,571.0,0.0,0.0,0.2951055623204315,0.134822339916203,0.4675125107447203,1.1337178385559468,110_leap_voe_gaze,9.0,attn_getter,expected_duck_2
1.087988827450299,45334,45860,180593.0,182701.0,2108.0,989.5,544.0,0.0,0.0,0.2651882511065688,0.1785586487363371,0.6545175150426085,1.2739715917793628,110_leap_voe_gaze,9.0,attn_getter,expected_duck_2
1.087988827450299,45867,46185,182724.9,184000.9,1276.0,915.5,397.5,0.0,0.0,0.2117442806882081,0.1642075666178651,0.6194540767367545,1.0168397108697669,110_leap_voe_gaze,9.0,attn_getter,expected_duck_2
1.087988827450299,46191,46270,184020.9,184340.9,320.0,877.0,417.25,0.0,0.0,0.2238483534724243,0.1247065604541599,0.5610150128936644,0.8999615831835865,110_leap_voe_gaze,,inter_trial,
1.087988827450299,46277,46403,184364.9,184872.9,508.0,855.5,498.0,0.0,0.0,0.2187531414253753,0.0861741227195821,0.4324490724388662,0.8999615831835865,110_leap_voe_gaze,,inter_trial,
1.087988827450299,46415,46518,184916.9,185332.9,416.0,297.5,583.0,0.0,0.0,0.2370325492853726,0.1293084382861045,0.7012687661170804,0.8648981448777325,110_leap_voe_gaze,,inter_trial,
1.087988827450299,46526,46597,185360.9,185648.9,288.0,492.75,528.75,0.0,0.0,0.2217736690277042,0.1063168686418783,0.4675125107447203,0.6311418895053724,110_leap_voe_gaze,9.0,movie,expected_duck_2
1.087988827450299,46607,46677,185684.9,185968.9,284.0,724.5,432.0,0.0,0.0,0.2157479243528683,0.0987284821312521,0.4675125107447203,0.6778931405798444,110_leap_voe_gaze,9.0,movie,expected_duck_2
1.087988827450299,46687,46805,186004.9,186480.9,476.0,520.0,253.0,0.0,0.0,0.2339344761020787,0.1821493844987898,0.5610150128936644,1.1570934640931827,110_leap_voe_gaze,9.0,movie,expected_duck_2
1.087988827450299,46811,46912,186500.9,186908.9,408.0,512.75,386.25,0.0,0.0,0.2676220816852436,0.1401075298851951,0.3506343830585402,1.542791285457577,110_leap_voe_gaze,9.0,movie,expected_duck_2
1.087988827450299,46914,47304,186912.9,188476.9,1564.0,536.0,357.5,0.0,0.0,0.2331373305145838,0.2382974151932658,0.7597078299601705,1.472664408845869,110_leap_voe_gaze,9.0,movie,expected_duck_2
1.087988827450299,47311,47360,188500.9,188700.9,200.0,471.0,262.75,0.0,0.0,0.33082152540386,0.1892624119462523,0.4441368852074843,0.9350250214894408,110_leap_voe_gaze,9.0,movie,expected_duck_2
1.087988827450299,47366,47443,188720.9,189032.9,312.0,509.0,315.25,0.0,0.0,0.3357438537055552,0.1666172751136155,0.5727028256622824,1.1570934640931827,110_leap_voe_gaze,9.0,movie,expected_duck_2
1.087988827450299,47446,47910,189040.9,190900.9,1860.0,548.5,328.5,0.0,0.0,0.2913300467260782,0.3118501379515017,0.9467128342580586,1.4025375322341609,110_leap_voe_gaze,9.0,movie,expected_duck_2
1.087988827450299,47921,48018,190940.9,191332.9,392.0,790.25,302.0,0.0,0.0,0.3149544899658389,0.1658099607934833,0.6194540767367545,0.9116493959522046,110_leap_voe_gaze,9.0,movie,expected_duck_2
1.087988827450299,48026,48335,191360.9,192600.9,1240.0,534.5,331.0,0.0,0.0,0.3129833575371775,0.3710373628693525,0.8298347065718785,1.8817378557474993,110_leap_voe_gaze,9.0,movie,expected_duck_2
1.087988827450299,48343,48410,192628.9,192900.9,272.0,414.0,217.25,0.0,0.0,0.2415842360853456,0.1564416197592371,0.6311418895053724,0.7713956427287885,110_leap_voe_gaze,9.0,movie,expected_duck_2
1.087988827450299,48416,48510,192920.9,193300.9,380.0,364.0,226.5,0.0,0.0,0.243330092394544,0.1923722950348537,0.5960784511995184,1.0519031491756208,110_leap_voe_gaze,9.0,movie,expected_duck_2
1.087988827450299,48516,48740,193320.9,194220.9,900.0,381.5,353.5,0.0,0.0,0.2870374204786255,0.5304345881636506,1.2739715917793628,1.5895425365320477,110_leap_voe_gaze,9.0,movie,expected_duck_2
1.087988827450299,48746,48825,194240.9,194560.9,320.0,498.5,343.5,0.0,0.0,0.2857506915846454,0.1614826469010504,0.6194540767367545,0.8765859576463506,110_leap_voe_gaze,9.0,movie,expected_duck_2
1.087988827450299,48831,48910,194580.9,194900.9,320.0,533.25,338.5,0.0,0.0,0.2222319028090077,0.1336768379321425,0.5610150128936644,0.9700884597952948,110_leap_voe_gaze,9.0,movie,expected_duck_2
1.087988827450299,48916,49065,194920.9,195520.9,600.0,611.5,347.5,0.0,0.0,0.2115756506157237,0.4735134999649001,1.531103472688959,0.8999615831835865,110_leap_voe_gaze,9.0,movie,expected_duck_2
1.087988827450299,49071,49335,195540.9,196600.9,1060.0,734.5,344.5,0.0,0.0,0.1997913721382866,0.8934541514769233,2.8401385027741757,0.8882737704149686,110_leap_voe_gaze,9.0,movie,expected_duck_2
1.087988827450299,49341,49474,196620.9,197156.9,536.0,847.5,355.75,0.0,0.0,0.2125614022240378,0.2408228188884069,0.9700884597952948,0.8415225193404966,110_leap_voe_gaze,9.0,movie,expected_duck_2
1.087988827450299,49484,49541,197192.9,197424.9,232.0,1204.0,682.25,0.0,0.0,0.6442169487170052,0.5538998531593899,1.531103472688959,1.9284891068219712,110_leap_voe_gaze,9.0,movie,expected_duck_2
1.087988827450299,49553,49625,197468.9,197760.9,292.0,824.0,426.0,0.0,0.0,0.2848533891205505,0.1376010186046346,0.5960784511995184,0.7363322044229345,110_leap_voe_gaze,9.0,movie,expected_duck_2
1.087988827450299,49631,49735,197780.9,198200.9,420.0,844.0,373.5,0.0,0.0,0.2502114981735847,0.1282280502800323,0.5025759490505743,0.8999615831835865,110_leap_voe_gaze,9.0,movie,expected_duck_2
1.087988827450299,49741,49834,198220.9,198596.9,376.0,791.0,297.0,0.0,0.0,0.3315772862518283,0.1600236423502795,0.4675125107447203,1.0168397108697669,110_leap_voe_gaze,9.0,movie,expected_duck_2
1.087988827450299,49842,49965,198624.9,199120.9,496.0,657.0,288.25,0.0,0.0,0.1931431131873444,0.0941518579441584,0.4324490724388662,0.7246443916543165,110_leap_voe_gaze,10.0,still,expected_duck_2
1.087988827450299,49976,50038,199160.9,199412.9,252.0,212.5,297.5,0.0,0.0,0.2539676704456292,0.1745671167750623,0.6778931405798444,0.8298347065718785,110_leap_voe_gaze,10.0,still,expected_duck_2
1.087988827450299,50049,50128,199452.9,199772.9,320.0,812.0,378.0,0.0,0.0,0.2209560540289387,0.1162095243531112,0.7713956427287885,0.6077662639681364,110_leap_voe_gaze,10.0,still,expected_duck_2
1.087988827450299,50136,50472,199800.9,201148.9,1348.0,872.0,379.0,0.0,0.0,0.2250301467495276,0.111872974526149,1.1220300257873288,0.7012687661170804,110_leap_voe_gaze,10.0,still,expected_duck_2
1.087988827450299,50484,50565,201192.9,201520.9,328.0,425.75,406.75,0.0,0.0,0.2663364049840374,0.1968283855640151,0.7947712682660245,0.9934640853325306,110_leap_voe_gaze,10.0,still,expected_duck_2
1.087988827450299,50574,50635,201552.9,201800.9,248.0,803.0,385.75,0.0,0.0,0.2310049238752688,0.1026023645189738,0.5727028256622824,0.6311418895053724,110_leap_voe_gaze,10.0,still,expected_duck_2
1.087988827450299,50642,50730,201824.9,202180.9,356.0,863.5,374.5,0.0,0.0,0.1905002662212709,0.0896728326843748,0.5960784511995184,0.4908881362819563,110_leap_voe_gaze,10.0,still,expected_duck_2
1.087988827450299,50739,50875,202212.9,202760.9,548.0,672.5,305.0,0.0,0.0,0.2105142715209867,0.1091497719756966,0.6895809533484625,0.6662053278112264,110_leap_voe_gaze,10.0,still,expected_duck_2
1.087988827450299,50884,50970,202792.9,203140.9,348.0,839.5,368.5,0.0,0.0,0.1925789713233816,0.0896570662162944,0.4558246979761023,0.5493272001250463,110_leap_voe_gaze,10.0,still,expected_duck_2
1.087988827450299,50976,51161,203160.9,203904.9,744.0,876.5,372.75,0.0,0.0,0.2116979653824146,0.1129508798382249,0.5727028256622824,0.8181468938032606,110_leap_voe_gaze,10.0,still,expected_duck_2
1.087988827450299,51177,51225,203964.9,204160.9,196.0,1049.5,33.5,0.0,0.0,0.2047870234303944,0.0720455084272408,0.4207612596702483,0.6077662639681364,110_leap_voe_gaze,10.0,still,expected_duck_2
1.087988827450299,51233,51606,204188.9,205684.9,1496.0,1050.5,-75.5,0.0,0.0,0.2088036363731064,0.2366749470972709,0.9116493959522046,0.9817762725639126,110_leap_voe_gaze,10.0,still,expected_duck_2
1.087988827450299,52174,52222,207952.9,208148.9,196.0,462.5,918.5,0.0,0.0,0.8037920942154744,0.7892206177632236,2.1622453621943314,0.9350250214894408,110_leap_voe_gaze,10.0,still,expected_duck_2
1.087988827450299,52233,52311,208188.9,208504.9,316.0,887.0,458.5,0.0,0.0,0.2198849737944311,0.1504800296159929,0.7129565788856985,0.7129565788856985,110_leap_voe_gaze,10.0,still,expected_duck_2
1.087988827450299,52320,52512,208536.9,209308.9,772.0,885.0,372.0,0.0,0.0,0.2321865223547932,0.1164851911712643,0.6077662639681364,0.8415225193404966,110_leap_voe_gaze,,inter_trial,
1.087988827450299,52523,52628,209348.9,209772.9,424.0,407.0,591.25,0.0,0.0,0.2442352057489487,0.1306579857952597,0.5142637618191923,0.7830834554974065,110_leap_voe_gaze,,inter_trial,
1.087988827450299,52644,52734,209832.9,210196.9,364.0,1086.0,615.0,0.0,0.0,0.2156886193923077,0.1047873425757148,0.5727028256622824,0.8181468938032606,110_leap_voe_gaze,,inter_trial,
1.087988827450299,52740,52899,210216.9,210856.9,640.0,874.0,724.0,0.0,0.03125,0.4792616754112927,1.7657060044227657,2.8284506900055577,4.838754486207855,110_leap_voe_gaze,11.0,attn_getter,surprise_shoe_2
1.087988827450299,52908,53091,210888.9,211624.9,736.0,981.25,469.25,0.0,0.0,0.238931342143374,0.1696903112297912,0.5493272001250463,1.238908153473509,110_leap_voe_gaze,11.0,attn_getter,surprise_shoe_2
1.087988827450299,53100,53239,211656.9,212216.9,560.0,771.5,537.5,0.0,0.0,0.2060643683528511,0.1210697138260218,0.5610150128936644,0.8765859576463506,110_leap_voe_gaze,11.0,attn_getter,surprise_shoe_2
1.087988827450299,53245,53489,212236.9,213216.9,980.0,940.5,573.0,0.0,0.0,0.2220747452606185,0.1291576644874622,0.6778931405798444,0.9584006470266766,110_leap_voe_gaze,11.0,attn_getter,surprise_shoe_2
1.087988827450299,53497,53803,213244.9,214472.9,1228.0,745.5,563.5,0.0,0.0,0.1922315866940069,0.0934371397903414,0.5727028256622824,0.7713956427287885,110_leap_voe_gaze,,inter_trial,
1.087988827450299,53813,53939,214508.9,215016.9,508.0,402.5,604.0,0.0,0.0,0.218222192437702,0.1350975991724037,0.7597078299601705,0.8064590810346426,110_leap_voe_gaze,,inter_trial,
1.087988827450299,53947,54106,215044.9,215684.9,640.0,564.5,559.0,0.0,0.0,0.226177833534477,0.1361228851397666,0.5843906384309004,0.9584006470266766,110_leap_voe_gaze,11.0,movie,surprise_shoe_2
1.087988827450299,54114,54496,215712.9,217244.9,1532.0,607.0,401.5,0.0,0.0,0.2084407150689793,0.2240345167472342,0.8415225193404966,1.297347217316599,110_leap_voe_gaze,11.0,movie,surprise_shoe_2
1.087988827450299,54502,54620,217264.9,217740.9,476.0,664.5,401.0,0.0,0.0,0.1945924005144778,0.0891901297643854,0.4090734469016303,0.7597078299601705,110_leap_voe_gaze,11.0,movie,surprise_shoe_2
1.087988827450299,54625,54731,217756.9,218184.9,428.0,705.5,396.0,0.0,0.0,0.1832071817642571,0.077706904575957,0.5142637618191923,0.6311418895053724,110_leap_voe_gaze,11.0,movie,surprise_shoe_2
1.087988827450299,54736,54841,218200.9,218624.9,424.0,640.5,398.75,0.0,0.0,0.1975666790240638,0.0850143192882528,0.4090734469016303,0.6778931405798444,110_leap_voe_gaze,11.0,movie,surprise_shoe_2
1.087988827450299,54848,54989,218648.9,219216.9,568.0,695.0,405.75,0.0,0.0,0.1925944141423206,0.115013124439242,0.5493272001250463,0.7713956427287885,110_leap_voe_gaze,11.0,movie,surprise_shoe_2
1.087988827450299,54998,55171,219248.9,219944.9,696.0,470.25,254.5,0.0,0.0,0.2183843302495379,0.161509151786705,0.5259515745878104,1.1454056513245647,110_leap_voe_gaze,11.0,movie,surprise_shoe_2
1.087988827450299,55180,55496,219976.9,221244.9,1268.0,581.0,393.5,0.0,0.0,0.218035302677724,0.113183130154269,0.5376393873564284,1.1103422130187108,110_leap_voe_gaze,11.0,movie,surprise_shoe_2
1.087988827450299,55502,55609,221264.9,221696.9,432.0,615.0,402.5,0.0,0.0,0.2189127906006373,0.1849797789315014,0.7830834554974065,0.6077662639681364,110_leap_voe_gaze,11.0,movie,surprise_shoe_2
1.087988827450299,55615,55719,221716.9,222136.9,420.0,720.5,416.5,0.0,0.0,0.2107611386013977,0.2887063472389991,1.3324106556224529,0.6194540767367545,110_leap_voe_gaze,11.0,movie,surprise_shoe_2
1.087988827450299,55725,55915,222156.9,222920.9,764.0,843.0,398.5,0.0,0.0,0.1940762333623186,0.4788023129811764,2.1154941111198595,0.7246443916543165,110_leap_voe_gaze,11.0,movie,surprise_shoe_2
1.087988827450299,55951,56533,223060.9,225392.8,2331.899999999994,1001.0,423.0,0.0,0.0,0.183520928560449,0.4570581400716836,2.3492503664922197,0.7012687661170804,110_leap_voe_gaze,11.0,movie,surprise_shoe_2
1.087988827450299,56548,56641,225448.8,225824.8,376.0,1810.75,666.0,0.0,0.0,0.2189409136999347,0.1061599226365976,0.7246443916543165,0.4558246979761023,110_leap_voe_gaze,11.0,movie,surprise_shoe_2
1.087988827450299,56655,56758,225876.8,226292.8,416.0,998.5,419.25,0.0,0.0,0.2314298107023868,0.1485910552782552,0.8415225193404966,0.7480200171915525,110_leap_voe_gaze,11.0,movie,surprise_shoe_2
1.087988827450299,56763,57374,226308.8,228756.8,2448.0,1051.0,420.0,0.0,0.0,0.2094775033909419,0.2973949318970597,1.2856594045479808,0.9233372087208226,110_leap_voe_gaze,11.0,movie,surprise_shoe_2
1.087988827450299,57382,57524,228784.8,229356.8,572.0,885.0,467.5,0.0,0.0,0.1705131428402569,0.0968688721013416,0.4207612596702483,0.8648981448777325,110_leap_voe_gaze,12.0,still,surprise_shoe_2
1.087988827450299,57530,57645,229376.8,229840.8,464.0,917.5,528.0,0.0,0.0,0.185205057592855,0.0860224203329621,0.4207612596702483,0.7830834554974065,110_leap_voe_gaze,12.0,still,surprise_shoe_2
1.087988827450299,57656,57751,229880.8,230264.8,384.0,1014.0,424.0,0.0,0.0,0.1730801847656376,0.0739687359412211,0.5142637618191923,0.5259515745878104,110_leap_voe_gaze,12.0,still,surprise_shoe_2
1.087988827450299,57757,57904,230284.8,230876.8,592.0,1049.0,420.5,0.0,0.0,0.1864276733704642,0.0749054514232418,0.5025759490505743,0.7947712682660245,110_leap_voe_gaze,12.0,still,surprise_shoe_2
1.087988827450299,57918,58045,230928.8,231440.8,512.0,442.0,399.75,0.0,0.0,0.2206105514297001,0.1625409932241589,0.8882737704149686,0.8999615831835865,110_leap_voe_gaze,12.0,still,surprise_shoe_2
1.087988827450299,58054,58151,231472.8,231864.8,392.0,201.0,420.0,0.0,0.0,0.2624578270735982,0.1320136166838202,0.7947712682660245,0.6311418895053724,110_leap_voe_gaze,12.0,still,surprise_shoe_2
1.087988827450299,58160,58226,231896.8,232164.8,268.0,386.5,360.5,0.0,0.0,0.1833839121245232,0.0713853664924323,0.5610150128936644,0.5025759490505743,110_leap_voe_gaze,12.0,still,surprise_shoe_2
1.087988827450299,58236,58338,232200.8,232612.8,412.0,553.5,328.0,0.0,0.0,0.2605493665954018,0.1528675108177717,0.7129565788856985,0.8882737704149686,110_leap_voe_gaze,12.0,still,surprise_shoe_2
1.087988827450299,58349,58489,232652.8,233216.8,564.0,1045.0,444.0,0.0,0.0,0.1986117715834803,0.1233963746676984,0.9817762725639126,0.6895809533484625,110_leap_voe_gaze,12.0,still,surprise_shoe_2
1.087988827450299,58504,58546,233272.8,233444.8,172.0,310.5,984.0,0.0,0.0,0.2251592888816783,0.2059078240960006,0.7246443916543165,0.9233372087208226,110_leap_voe_gaze,12.0,still,surprise_shoe_2
1.087988827450299,58552,58671,233464.8,233944.8,480.0,284.5,1136.5,0.0,0.0,0.2572166906216919,0.2324454177144653,1.2505959662421269,0.9467128342580586,110_leap_voe_gaze,12.0,still,surprise_shoe_2
1.087988827450299,58702,58809,234064.8,234496.8,432.0,1358.5,991.25,0.0,0.0,0.2739148057077414,0.2266915198529274,1.2272203407048907,1.238908153473509,110_leap_voe_gaze,12.0,still,surprise_shoe_2
1.087988827450299,58821,58871,234540.8,234744.8,204.0,1033.0,532.0,0.0,0.0,0.2265265766349115,0.1099110143544471,0.5025759490505743,0.7129565788856985,110_leap_voe_gaze,12.0,still,surprise_shoe_2
1.087988827450299,58877,58912,234764.8,234908.8,144.0,1062.75,460.0,0.0,0.0,0.211767465087869,0.0981292084457787,0.3272587575213042,0.6545175150426085,110_leap_voe_gaze,12.0,still,surprise_shoe_2
1.087988827450299,59494,59626,237232.8,237764.8,532.0,198.0,263.5,1.0,0.0,0.2255021043864936,0.131858024927947,0.7012687661170804,0.8298347065718785,110_leap_voe_gaze,12.0,still,surprise_shoe_2
1.087988827450299,59635,59697,237796.8,238048.8,252.0,501.5,249.0,0.0,0.0,0.211633652408319,0.1041728241018747,0.4675125107447203,0.5843906384309004,110_leap_voe_gaze,12.0,still,surprise_shoe_2
1.087988827450299,59709,59797,238092.8,238448.8,356.0,1003.0,407.0,0.0,0.0,0.2299128379058604,0.1091989536828577,0.8181468938032606,0.6428297022739904,110_leap_voe_gaze,12.0,still,surprise_shoe_2
1.087988827450299,59803,59973,238468.8,239152.8,684.0,1042.0,417.0,0.0,0.0,0.2297148052613066,0.1110807896292924,0.4675125107447203,0.8765859576463506,110_leap_voe_gaze,12.0,still,surprise_shoe_2
1.087988827450299,59987,60082,239204.8,239588.8,384.0,355.0,774.0,0.0,0.0,0.1802509723009306,0.1167692906958946,0.9817762725639126,0.6895809533484625,110_leap_voe_gaze,12.0,still,surprise_shoe_2
1.087988827450299,60093,60166,239628.8,239924.8,296.0,363.0,581.75,0.0,0.0,0.2270681710565958,0.1527876140420721,0.6662053278112264,0.8064590810346426,110_leap_voe_gaze,12.0,still,surprise_shoe_2
1.087988827450299,60179,60227,239972.8,240168.8,196.0,952.5,411.5,0.0,0.0,0.2396951657896479,0.12607997647185,0.6662053278112264,0.7480200171915525,110_leap_voe_gaze,12.0,still,surprise_shoe_2
1.087988827450299,60233,60647,240188.8,241848.8,1660.0,1037.0,422.5,0.0,0.0,0.2099661605638977,0.3653474861328014,0.9584006470266766,1.460976596077251,110_leap_voe_gaze,12.0,still,surprise_shoe_2
1.087988827450299,60653,60782,241868.8,242388.8,520.0,1027.5,416.75,0.0,0.0,0.2343308794149772,0.1323412774604912,0.6778931405798444,0.7363322044229345,110_leap_voe_gaze,12.0,still,surprise_shoe_2
1.087988827450299,60796,60952,242440.8,243068.8,628.0,1511.5,1055.0,0.0,0.0,0.5485104226730846,1.0312808451863011,3.2258363241385704,2.945328817691738,110_leap_voe_gaze,12.0,still,surprise_shoe_2
1.087988827450299,60967,61017,243124.8,243328.8,204.0,929.0,358.5,0.0,0.0,0.2317902794439457,0.1149010586283992,0.5025759490505743,0.7713956427287885,110_leap_voe_gaze,12.0,still,surprise_shoe_2
1.087988827450299,61024,61106,243352.8,243684.8,332.0,1061.0,411.0,0.0,0.0,0.2232431192005949,0.1449274339045906,0.8298347065718785,0.6545175150426085,110_leap_voe_gaze,12.0,still,surprise_shoe_2
1.087988827450299,61118,61132,243728.8,243788.8,60.0,-481.0,402.0,1.0,0.0,8.772038581957322,45.77164120777328,36.804922408378104,2.921953192154502,110_leap_voe_gaze,12.0,still,surprise_shoe_2
1.087988827450299,61477,61596,245164.8,245644.8,480.0,1094.5,408.5,1.0,0.0,0.4034846103043557,0.6044632170747466,1.1570934640931827,1.9752403578964433,110_leap_voe_gaze,12.0,still,surprise_shoe_2
1.087988827450299,61607,61622,245684.8,245748.8,64.0,-116.0,964.0,1.0,0.0,1.838061075325688,31.321007658631117,22.70942020942479,12.2020765304372,110_leap_voe_gaze,12.0,still,surprise_shoe_2
1.087988827450299,62057,62095,247484.8,247640.8,156.0,1092.0,497.0,1.0,0.0,0.2111822126992429,0.0981344697140565,0.4441368852074843,0.5960784511995184,110_leap_voe_gaze,12.0,still,surprise_shoe_2
1.087988827450299,62104,62210,247672.8,248100.8,428.0,1090.5,421.5,0.0,0.0,0.3231393396020959,0.155284392247497,0.3973856341330122,1.320722842853835,110_leap_voe_gaze,12.0,still,surprise_shoe_2
1.087988827450299,62222,62305,248144.8,248480.8,336.0,1568.5,1106.25,0.0,0.0,0.2265297734598138,0.1655916762522456,0.7713956427287885,0.6778931405798444,110_leap_voe_gaze,12.0,still,surprise_shoe_2
1.087988827450299,62311,62431,248500.8,248984.8,484.0,1560.5,1141.5,0.0,0.0,0.5048483496470273,0.4065823057554766,1.9869281706650612,0.9934640853325306,110_leap_voe_gaze,12.0,still,surprise_shoe_2
1.087988827450299,62465,62511,249116.8,249304.8,188.0,1063.0,572.5,1.0,0.0,0.2889607264564622,0.1250061662446459,0.5493272001250463,0.6778931405798444,110_leap_voe_gaze,12.0,still,surprise_shoe_2
1.087988827450299,62522,62704,249344.8,250076.8,732.0,1079.5,454.5,0.0,0.0,0.2219923810561855,0.1779799509335192,0.7012687661170804,1.0168397108697669,110_leap_voe_gaze,12.0,still,surprise_shoe_2
1.087988827450299,63013,63351,251308.8,252664.8,1356.0,1132.5,429.5,0.0,0.0,0.2740518948179093,0.371194443049866,1.0986544002500926,1.460976596077251,110_leap_voe_gaze,12.0,still,surprise_shoe_2
1.087988827450299,63357,63469,252684.8,253136.8,452.0,935.5,454.0,0.0,0.0,0.2213036831066807,0.1482902941708381,0.6194540767367545,0.7129565788856985,110_leap_voe_gaze,12.0,still,surprise_shoe_2
1.087988827450299,63476,63620,253160.8,253740.8,580.0,1050.5,408.5,0.0,0.0,0.2482590509908844,0.1354569300326135,0.7129565788856985,0.7597078299601705,110_leap_voe_gaze,12.0,still,surprise_shoe_2
1.087988827450299,63634,63761,253792.8,254304.8,512.0,324.5,301.0,0.0,0.0,0.2165457808348317,0.1443874414752033,0.7947712682660245,0.8298347065718785,110_leap_voe_gaze,12.0,still,surprise_shoe_2
1.087988827450299,63774,63819,254352.8,254536.8,184.0,982.75,496.5,0.0,0.0,0.2209309228115405,0.1434574565378421,0.6895809533484625,0.7363322044229345,110_leap_voe_gaze,12.0,still,surprise_shoe_2
1.087988827450299,63826,64070,254560.8,255540.8,980.0,1043.0,409.0,0.0,0.0,0.2390972589800054,0.1492358248423525,0.6194540767367545,1.1454056513245647,110_leap_voe_gaze,12.0,still,surprise_shoe_2
1.087988827450299,64088,64170,255608.8,255940.8,332.0,84.0,336.5,0.0,0.0,0.2826904771633597,0.1602855311500144,0.7363322044229345,0.8298347065718785,110_leap_voe_gaze,12.0,still,surprise_shoe_2
1.087988827450299,64184,64568,255992.8,257532.8,1540.0,1044.0,393.0,0.0,0.0,0.2310730514680597,0.3502525603527481,1.496040034383105,1.379161906696925,110_leap_voe_gaze,12.0,still,surprise_shoe_2
