cutoff,start,end,startT,endT,dur,xpos,ypos,flankdataloss,fracinterped,RMSxy,BCEA,fixRangeX,fixRangeY,participant
0.9946820126903078,135,293,-201.3,434.7,636.0,-44.5,261.0,1.0,0.1320754716981132,1.7036620155517146,4.503669251816242,3.9504807157928865,4.979008239431272,104_leap_voe_gaze
0.9946820126903078,443,1179,1030.7,3978.7,2948.0,925.5,522.0,1.0,0.016282225237449117,0.698428270516548,1.210306116861429,1.8583622302102631,2.9687044432289738,104_leap_voe_gaze
0.9946820126903078,1215,1322,4118.7,4550.7,432.0,903.0,540.0,1.0,0.0,0.7164301078482124,0.8727202200060798,1.449288783308633,2.2908113026491295,104_leap_voe_gaze
0.9946820126903078,1353,1465,4670.6,5122.6,452.0,889.0,545.0,1.0,0.017699115044247787,0.7419826521216275,0.8909307938062667,1.496040034383105,2.9219531921544992,104_leap_voe_gaze
0.9946820126903078,1501,1524,5262.6,5358.6,96.0,887.0,550.5,1.0,0.0,0.8386875429743738,1.0377464260132445,1.379161906696925,1.9401769195905894,104_leap_voe_gaze
0.9946820126903078,1531,1594,5382.6,5638.6,256.0,667.5,528.0,0.0,0.0,0.6418321754417509,0.95066582490834,1.9168012940533532,1.5194156599203397,104_leap_voe_gaze
0.9946820126903078,1600,1679,5658.6,5978.6,320.0,619.5,512.0,0.0,0.0,0.5121039074845775,0.46515034872028727,1.0168397108697667,1.449288783308633,104_leap_voe_gaze
0.9946820126903078,1685,1793,5998.6,6434.6,436.0,569.0,522.0,0.0,0.0,0.6268788358690364,0.636778783767314,1.2622837790107448,2.0336794217395333,104_leap_voe_gaze
0.9946820126903078,1802,1891,6466.6,6826.6,360.0,1064.5,650.0,0.0,0.0,0.7898429352821824,0.8190769880829103,1.379161906696925,1.9168012940533532,104_leap_voe_gaze
0.9946820126903078,1904,2089,6874.6,7618.6,744.0,219.0,446.5,0.0,0.026881720430107527,0.5478452184570715,0.6900433173492015,2.5362553707901077,1.9518647323592073,104_leap_voe_gaze
0.9946820126903078,2095,2218,7638.6,8134.6,496.0,145.5,492.0,1.0,0.06451612903225806,0.47972999922980564,0.4822881659117167,1.0752787747128567,1.589542536532049,104_leap_voe_gaze
0.9946820126903078,2225,2321,8158.6,8546.6,388.0,188.5,260.0,0.0,0.07216494845360824,0.49510716905233176,0.43990742016571466,1.2272203407048907,1.460976596077251,104_leap_voe_gaze
0.9946820126903078,2332,2444,8586.6,9038.6,452.0,491.99999999999994,609.0,0.0,0.0,0.9353725910530412,1.3650355088658095,1.425913157771397,3.272587575213042,104_leap_voe_gaze
0.9946820126903078,2450,2536,9058.6,9406.6,348.0,599.0,584.0,1.0,0.0,0.8061399370525149,1.1814295073183645,1.589542536532049,2.7349481878566113,104_leap_voe_gaze
0.9946820126903078,2584,2632,9594.6,9790.6,196.0,613.0,587.0,1.0,0.0,0.8006898196098061,1.4178260276509045,1.9869281706650612,2.5713188090959616,104_leap_voe_gaze
0.9946820126903078,2641,2712,9822.6,10110.6,288.0,1079.0,676.0,0.0,0.013888888888888888,0.6566736681079243,1.0950358974672598,1.2622837790107448,2.5011919324842538,104_leap_voe_gaze
0.9946820126903078,2723,2817,10150.6,10530.6,380.0,504.0,125.5,0.0,0.021052631578947368,0.5578745928666776,0.5402279321260088,1.2505959662421269,1.8700500429788813,104_leap_voe_gaze
0.9946820126903078,2825,2872,10558.6,10750.6,192.0,467.25,459.5,0.0,0.0,0.744963595696609,0.9704416866984947,1.2038447151676548,2.3024991154177474,104_leap_voe_gaze
0.9946820126903078,2880,3042,10778.6,11430.6,652.0,418.0,360.5,0.0,0.0,0.5764532322021223,0.6164569551800311,1.3557862811596888,2.0453672345081513,104_leap_voe_gaze
0.9946820126903078,3048,3143,11450.6,11834.6,384.0,480.25,369.5,0.0,0.0,0.7489671300432819,0.8155280746970458,1.390849719465543,1.9752403578964433,104_leap_voe_gaze
0.9946820126903078,3148,3242,11850.6,12230.6,380.0,443.0,377.0,0.0,0.06315789473684211,0.8496069862212053,1.2626407009555556,1.6129181620692852,3.34271445182475,104_leap_voe_gaze
0.9946820126903078,3403,3436,12870.6,13006.6,136.0,506.0,488.0,1.0,0.0,0.8510777583618861,0.889541487392585,1.2155325279362728,2.6881969367821417,104_leap_voe_gaze
0.9946820126903078,3442,3920,13026.6,14942.6,1916.0,437.0,382.0,0.0,0.0041753653444676405,0.5784698891511837,1.2205286316841155,2.594694434633198,2.7115725623193776,104_leap_voe_gaze
0.9946820126903078,3930,4024,14978.6,15358.6,380.0,268.75,280.25,0.0,0.09473684210526316,0.4853547300837335,0.5523182540437828,1.2155325279362728,1.390849719465543,104_leap_voe_gaze
0.9946820126903078,4030,4331,15378.6,16586.6,1207.9999999999982,353.0,381.0,0.0,0.039735099337748346,0.6704881450458633,0.9018499687610332,1.9635525451278253,2.93364100492312,104_leap_voe_gaze
0.9946820126903078,4340,4456,16618.6,17086.6,468.0,490.99999999999994,383.0,0.0,0.0,0.8640787656756599,1.2220205696361173,1.4843522216144869,2.6531334984762878,104_leap_voe_gaze
0.9946820126903078,4462,4729,17106.6,18178.6,1072.0,608.5,382.0,0.0,0.018656716417910446,0.8490852358000265,3.1684172886756503,4.055671030710449,3.3544022645933684,104_leap_voe_gaze
0.9946820126903078,4735,5357,18198.6,20690.5,2491.9000000000015,762.0,385.5,0.0,0.01765650080256822,0.6078745301268946,1.7893872087920633,3.0505191326093,3.0972703836837723,104_leap_voe_gaze
0.9946820126903078,5408,5451,20890.5,21066.5,176.0,528.75,235.75,1.0,0.045454545454545456,0.46154814461541305,0.6788682112818804,0.9700884597952947,1.6830450386809932,104_leap_voe_gaze
0.9946820126903078,5457,6596,21086.5,25646.5,4560.0,805.0,396.5,0.0,0.014912280701754385,0.5330695410784912,1.9035511598453432,3.16739726029548,3.0972703836837723,104_leap_voe_gaze
0.9946820126903078,6602,6736,25666.5,26206.5,540.0,747.0,410.0,0.0,0.0,0.5544393325688085,0.5225098100975856,1.636293787606521,1.309035030085217,104_leap_voe_gaze
0.9946820126903078,6760,6821,26298.5,26546.5,248.0,-1231.0,741.0,0.0,0.1774193548387097,3.48072650243259,25.98369743112201,9.934640853325307,10.659285244979623,104_leap_voe_gaze
0.9946820126903078,6840,6910,26618.5,26902.5,284.0,813.0,541.0,0.0,0.0,0.7087466644073191,0.8503047308398924,1.390849719465543,1.8934256685161173,104_leap_voe_gaze
0.9946820126903078,6914,7019,26914.5,27338.5,424.0,736.75,440.25,0.0,0.0,0.5814546311662556,0.6035897957385237,1.390849719465543,2.0570550472767692,104_leap_voe_gaze
0.9946820126903078,8433,8474,32990.5,33158.5,168.0,700.0,501.0,0.0,0.047619047619047616,0.7378624148471687,1.1089476371029654,1.7648597280613192,1.9401769195905894,104_leap_voe_gaze
0.9946820126903078,8481,8720,33182.5,34142.5,960.0,770.0,418.0,0.0,0.025,0.5654921718032538,1.086945686798887,1.9518647323592073,2.5479431835587256,104_leap_voe_gaze
0.9946820126903078,8731,9043,34182.5,35434.5,1252.0,361.0,1052.5,1.0,0.13099041533546327,1.1955314622072497,3.3049858306139264,2.9687044432289738,5.820530758771768,104_leap_voe_gaze
0.9946820126903078,9096,9253,35642.5,36274.5,632.0,339.0,1069.0,1.0,0.11392405063291139,1.2980208494204368,3.1555499929013053,3.8569782136439428,3.7868513370322345,104_leap_voe_gaze
0.9946820126903078,9269,9396,36334.5,36846.5,512.0,1356.75,574.75,0.0,0.015625,1.0234400829612784,1.2714907226424865,1.449288783308633,3.9037294647184146,104_leap_voe_gaze
0.9946820126903078,9404,9574,36874.5,37558.5,684.0,1462.0,415.0,0.0,0.0,0.6569983153673414,0.7422822717983817,1.2038447151676548,2.2323722388060396,104_leap_voe_gaze
0.9946820126903078,9580,9645,37578.5,37842.5,264.0,1388.5,554.5,0.0,0.0,0.5904334622599349,0.5657736075202711,1.238908153473509,1.7531719152927012,104_leap_voe_gaze
0.9946820126903078,9658,9779,37890.5,38378.5,488.0,457.0,610.0,0.0,0.0,0.8316781389530583,1.361583052878604,1.8466744174416452,2.594694434633198,104_leap_voe_gaze
0.9946820126903078,9787,10084,38406.5,39598.5,1192.0,385.5,436.5,0.0,0.010067114093959731,0.4710232447226809,0.5833850559155254,1.1921569023990368,2.1505575494257134,104_leap_voe_gaze
0.9946820126903078,10096,10178,39642.5,39974.4,331.90000000000146,1015.0000000000001,554.0,0.0,0.0,0.7435457576314171,0.8236917195034766,1.1220300257873288,2.314186928186368,104_leap_voe_gaze
0.9946820126903078,10185,10253,39998.5,40274.4,275.90000000000146,1252.0,602.0000000000001,0.0,0.0,0.6902040994926232,0.8063946258172019,1.1454056513245647,2.477816306947018,104_leap_voe_gaze
0.9946820126903078,10264,10539,40314.4,41418.4,1104.0,561.0,567.0,0.0,0.0,0.6832345679035408,1.1631437007331487,1.9986159834336794,2.653133498476285,104_leap_voe_gaze
0.9946820126903078,10549,10633,41454.4,41794.4,340.0,15.75,238.0,0.0,0.03529411764705882,0.3950420310935822,0.4791459036771207,0.9467128342580586,1.496040034383105,104_leap_voe_gaze
0.9946820126903078,10640,10918,41818.4,42934.4,1116.0,138.0,451.0,0.0,0.02867383512544803,0.5185869212919414,0.5719493418732068,1.2622837790107448,2.0219916089709153,104_leap_voe_gaze
0.9946820126903078,10925,10989,42958.4,43218.4,260.0,184.75,152.0,0.0,0.046153846153846156,0.46760907380157346,0.4374562822777826,0.9233372087208226,1.542791285457577,104_leap_voe_gaze
0.9946820126903078,10995,11119,43238.4,43738.4,500.0,424.0,508.5,0.0,0.0,0.8149602022469777,1.207262902869018,1.6830450386809932,3.588158519965728,104_leap_voe_gaze
0.9946820126903078,11125,11256,43758.4,44286.4,528.0,480.5,513.0,0.0,0.0,0.7939685394087825,0.899165022618726,1.238908153473509,2.8050750644683218,104_leap_voe_gaze
0.9946820126903078,11299,11386,44454.4,44806.4,352.0,476.5,532.0,0.0,0.0,0.6462123442611237,0.9284790577509751,1.3557862811596875,2.3492503664922197,104_leap_voe_gaze
0.9946820126903078,11399,11466,44854.4,45126.4,272.0,1182.5,676.0,0.0,0.0,0.5431103600131224,0.5318535494830114,1.3324106556224529,1.636293787606521,104_leap_voe_gaze
0.9946820126903078,11472,11521,45146.4,45346.4,200.0,1393.0,645.0,1.0,0.0,0.9490172609844919,1.4673768773527134,1.566166910994813,2.7115725623193776,104_leap_voe_gaze
0.9946820126903078,11575,11638,45558.4,45814.4,256.0,992.75,20.75,0.0,0.0,0.4103832473471163,0.3039074357511246,1.2038447151676548,1.0635909619442387,104_leap_voe_gaze
0.9946820126903078,11646,11749,45842.4,46258.4,416.0,981.0,-55.0,0.0,0.0,0.4258291847941106,0.3323425363470503,0.9350250214894407,1.636293787606521,104_leap_voe_gaze
0.9946820126903078,11759,11842,46294.4,46630.4,336.0,460.25,123.75,0.0,0.047619047619047616,0.6146491837984308,0.7852747205739137,1.519415659920341,1.8232987919044092,104_leap_voe_gaze
0.9946820126903078,11851,11922,46662.4,46950.4,288.0,402.75,355.5,0.0,0.0,0.6402415002250272,0.9955419071118622,1.729796289755465,2.4310650558725455,104_leap_voe_gaze
0.9946820126903078,11927,12737,46966.4,50210.4,3244.0,454.0,329.5,0.0,0.02219482120838471,0.7965810222846038,1.203067550399899,2.8284506900055577,4.6751251074472036,104_leap_voe_gaze
0.9946820126903078,12743,12791,50230.4,50426.4,196.0,570.5,193.0,0.0,0.04081632653061224,0.8899550984158685,1.4243582376075556,2.1973088005001866,2.5245675580214897,104_leap_voe_gaze
0.9946820126903078,12828,12876,50570.4,50766.4,196.0,929.0,11.0,1.0,0.10204081632653061,0.9807732341186605,1.8612486249916067,2.5011919324842538,2.851826315542794,104_leap_voe_gaze
0.9946820126903078,12886,12905,50802.4,50882.4,80.0,1008.0,-50.0,1.0,0.55,1.4655976617235649,2.492042845583745,1.7999231663671706,2.4076894303353096,104_leap_voe_gaze
0.9946820126903078,12913,12922,50910.4,50950.4,40.0,1060.25,-86.0,1.0,0.4,1.6089184552413818,1.6294701142611512,1.8934256685161173,2.1739331749629494,104_leap_voe_gaze
0.9946820126903078,13015,13284,51318.4,52398.4,1080.0,457.25,318.0,0.0,0.044444444444444446,1.0227366688530624,1.983893575349766,2.87520194108003,4.604998230835495,104_leap_voe_gaze
0.9946820126903078,13291,13759,52422.4,54298.4,1876.0,313.0,273.0,0.0,0.14072494669509594,1.8065595411440234,6.996421812524192,4.371241975463135,9.186620836133754,104_leap_voe_gaze
0.9946820126903078,13765,13964,54318.4,55118.4,800.0,465.75,323.5,0.0,0.07,1.2858523228684051,2.832265535187175,3.015455694303446,4.46474447761208,104_leap_voe_gaze
0.9946820126903078,13966,14006,55122.4,55286.4,164.0,498.0,334.0,0.0,0.07317073170731707,1.1506447665531787,1.979200905627336,1.9401769195905894,4.020607592404595,104_leap_voe_gaze
0.9946820126903078,14015,14109,55318.4,55698.4,380.0,594.25,322.5,1.0,0.2631578947368421,0.970825313946898,1.9836997115007158,2.2206844260374217,3.038831319840682,104_leap_voe_gaze
0.9946820126903078,14115,14135,55718.4,55802.4,84.0,627.5,341.5,0.0,0.3333333333333333,0.8852023317499609,1.4947399264466366,1.4142253450027789,1.8817378557474993,104_leap_voe_gaze
0.9946820126903078,14149,14429,55854.4,56978.4,1124.0,819.0,308.0,1.0,0.16370106761565836,0.8245099090389496,1.879538191340468,3.6232219582715826,3.2258363241385704,104_leap_voe_gaze
0.9946820126903078,14432,14814,56986.4,58518.4,1532.0,870.5,314.0,0.0,0.09399477806788512,0.9063598375734712,1.5806936031401304,3.015455694303446,4.16086134562801,104_leap_voe_gaze
0.9946820126903078,14876,14911,58762.4,58906.4,144.0,812.0,404.75,1.0,0.05555555555555555,0.8507328233156104,1.334209829364274,1.8232987919044092,1.8232987919044092,104_leap_voe_gaze
0.9946820126903078,14915,15670,58918.4,61942.4,3024.0,862.0,329.75,0.0,0.05026455026455026,0.7331661426114586,1.0598563770691511,2.0336794217395333,4.0907344690163026,104_leap_voe_gaze
0.9946820126903078,15753,15806,62270.4,62486.4,216.0,802.5,304.0,0.0,0.05555555555555555,0.6493072664852021,0.7815201158784575,1.2038447151676548,1.8583622302102631,104_leap_voe_gaze
0.9946820126903078,15811,15949,62502.4,63058.4,556.0,858.0,335.5,0.0,0.014388489208633094,0.6351679340153964,0.9354805227286379,1.9635525451278253,3.085582570915154,104_leap_voe_gaze
0.9946820126903078,15956,16043,63082.4,63434.4,352.0,789.0,308.0,0.0,0.011363636363636364,0.7152397670026842,0.7950789462769999,1.6129181620692852,2.5830066218645795,104_leap_voe_gaze
0.9946820126903078,16046,16310,63442.4,64502.4,1060.0,854.0,357.0,0.0,0.07924528301886792,0.7806210729893605,1.1382906878260977,2.477816306947018,2.851826315542794,104_leap_voe_gaze
0.9946820126903078,16317,16390,64526.4,64822.4,296.0,656.0,513.0,0.0,0.02702702702702703,0.7567769658292595,1.1613639184082445,1.659669413143757,2.5713188090959616,104_leap_voe_gaze
0.9946820126903078,16393,16485,64830.4,65202.4,372.0,579.0,529.0,0.0,0.0,0.8749167376813202,1.0236936894280808,1.1687812768618009,2.3609381792608377,104_leap_voe_gaze
0.9946820126903078,16494,16545,65234.4,65442.4,208.0,833.0,396.25,0.0,0.0,0.5247125821140133,0.4741624598837174,0.8882737704149686,1.449288783308633,104_leap_voe_gaze
0.9946820126903078,16551,16833,65462.4,66594.4,1131.9999999999927,839.0,359.5,0.0,0.1413427561837456,0.6606576002313482,0.9184676030094594,1.8466744174416452,2.2206844260374217,104_leap_voe_gaze
0.9946820126903078,16843,16853,66630.4,66674.4,44.0,864.0,362.0,1.0,0.9090909090909091,,,0.0,0.0,104_leap_voe_gaze
0.9946820126903078,16904,17231,66874.4,68186.4,1312.0,849.0,371.0,1.0,0.42378048780487804,0.902916632326354,1.7850210427865747,2.99208006876621,4.184236971165247,104_leap_voe_gaze
0.9946820126903078,17607,17680,69686.4,69982.4,296.0,838.0,376.0,1.0,0.6216216216216216,1.0848594820971489,1.7160224474495465,1.472664408845869,3.202460698601334,104_leap_voe_gaze
0.9946820126903078,17864,18146,70714.4,71846.4,1132.0,881.0,334.5,1.0,0.2791519434628975,1.02232140364022,1.5137254426859965,3.062206945377918,4.254363847776955,104_leap_voe_gaze
0.9946820126903078,18273,18301,72350.4,72466.3,115.90000000000873,729.0,415.0,1.0,0.2413793103448276,0.5836596930060882,1.0053315720114133,1.729796289755465,1.636293787606521,104_leap_voe_gaze
0.9946820126903078,18307,19060,72486.3,75502.3,3016.0,863.0,334.0,0.0,0.15119363395225463,0.8833359148349086,2.6245142499220306,3.8569782136439428,5.025759490505743,104_leap_voe_gaze
0.9946820126903078,19914,19932,78914.3,78990.3,76.0,930.5,320.0,1.0,0.3684210526315789,1.1591239789262573,1.360897260922121,1.1220300257873288,1.7064206642182291,104_leap_voe_gaze
0.9946820126903078,19938,19988,79010.3,79214.3,204.0,816.0,343.0,1.0,0.13725490196078433,0.8803663420276572,1.0211711458373973,1.1921569023990368,3.4128413284364583,104_leap_voe_gaze
0.9946820126903078,19992,20018,79226.3,79334.3,108.0,862.5,311.0,1.0,0.18518518518518517,1.3556677383224531,1.1970729385681242,1.1454056513245647,2.267435677111895,104_leap_voe_gaze
0.9946820126903078,20065,20128,79518.3,79774.3,256.0,857.0,344.0,1.0,0.203125,1.0675459057168273,1.4360891740063704,2.0336794217395333,2.4310650558725455,104_leap_voe_gaze
0.9946820126903078,20138,20166,79810.3,79926.3,116.0,897.0,319.0,1.0,0.27586206896551724,1.0856461937424746,1.5676281310255766,1.496040034383105,2.1739331749629494,104_leap_voe_gaze
0.9946820126903078,20198,20456,80050.3,81086.3,1036.0,863.0,333.0,1.0,0.35135135135135137,0.7213511949004754,1.300115718980471,2.1739331749629494,3.027143507072064,104_leap_voe_gaze
0.9946820126903078,20683,20756,81990.3,82286.3,296.0,362.0,824.0,1.0,0.25675675675675674,1.3036758419332972,2.1545710995339418,2.4310650558725455,3.8336025881067037,104_leap_voe_gaze
0.9946820126903078,20765,20828,82318.3,82574.3,256.0,321.0,1035.0,1.0,0.4375,1.6503340623396388,5.1492861683144096,3.45959257951093,4.721876358521675,104_leap_voe_gaze
0.9946820126903078,20923,20980,82950.3,83182.3,232.0,355.5,1071.5,1.0,0.6206896551724138,1.300764823153882,2.81319398324223,1.9869281706650612,3.062206945377918,104_leap_voe_gaze
0.9946820126903078,21001,21013,83262.3,83314.3,52.0,1495.0,1044.0,1.0,0.46153846153846156,1.2885250376836452,2.119595035934976,3.179085073064098,0.9817762725639126,104_leap_voe_gaze
0.9946820126903078,21058,21137,83490.3,83810.3,320.0,1516.0,1036.0,1.0,0.4625,1.3738720055008453,3.5645890828153046,3.132333821989626,3.5297194561226384,104_leap_voe_gaze
0.9946820126903078,21141,21162,83822.3,83910.3,88.0,1526.0,1065.5,1.0,0.5454545454545454,1.8008336747297828,2.0798057331066855,2.921953192154502,1.309035030085217,104_leap_voe_gaze
0.9946820126903078,21218,21310,84130.3,84502.3,372.0,932.5,555.0,1.0,0.13978494623655913,0.9329392153670408,1.3080875820090323,1.1687812768618009,3.3660900773619864,104_leap_voe_gaze
0.9946820126903078,21341,21454,84622.3,85078.3,456.0,940.0,558.5,1.0,0.0,0.732941515464006,0.9622209904810692,1.3324106556224529,2.3141869281863654,104_leap_voe_gaze
0.9946820126903078,21485,21599,85198.3,85658.3,460.0,942.0,557.0,1.0,0.017391304347826087,0.7703259911298203,0.8110010430313932,1.1921569023990342,2.2440600515746576,104_leap_voe_gaze
0.9946820126903078,21640,21747,85818.3,86250.3,432.0,925.5,543.5,1.0,0.0,0.7397857164387819,0.7400002214202543,1.238908153473509,2.080430672814005,104_leap_voe_gaze
0.9946820126903078,21785,21890,86398.3,86822.3,424.0,906.0,535.0,1.0,0.03773584905660377,0.6800047103220479,0.8038140378135747,1.1921569023990368,2.1973088005001853,104_leap_voe_gaze
0.9946820126903078,21931,22006,86982.3,87286.3,304.0,910.0,554.0,1.0,0.013157894736842105,0.8883959489519241,1.0849435689035112,1.659669413143757,2.8050750644683218,104_leap_voe_gaze
0.9946820126903078,22016,22034,87322.3,87398.3,76.0,940.0,218.00000000000003,1.0,0.0,0.5402023387978658,0.5405156519460029,0.8882737704149686,1.2622837790107448,104_leap_voe_gaze
0.9946820126903078,22252,22362,88266.3,88710.3,444.0,759.0,518.0,1.0,0.0,0.587662566680224,0.6220236516696446,1.4025375322341609,1.659669413143757,104_leap_voe_gaze
0.9946820126903078,22406,22494,88882.3,89238.3,356.0,764.0,518.0,1.0,0.0,0.6043751020392601,0.7065186306581694,1.3557862811596888,1.7531719152927012,104_leap_voe_gaze
0.9946820126903078,22502,22579,89266.3,89578.3,312.0,547.25,226.0,0.0,0.0,0.6613074150332818,0.8439853117551263,1.6830450386809932,2.3492503664922197,104_leap_voe_gaze
0.9946820126903078,22585,22627,89598.3,89770.3,172.0,435.0,470.0,0.0,0.0,0.6701821562324927,0.73930712747753,1.2155325279362728,2.4076894303353096,104_leap_voe_gaze
0.9946820126903078,22631,22793,89782.3,90434.3,652.0,403.0,393.0,0.0,0.0,0.6436424818126898,0.9416860400987024,1.566166910994813,1.8934256685161173,104_leap_voe_gaze
0.9946820126903078,22795,22949,90438.3,91058.3,620.0,450.0,382.0,0.0,0.012903225806451613,0.5982759871133178,1.0979017286566828,2.2908113026491295,2.0921184855826236,104_leap_voe_gaze
0.9946820126903078,22992,23279,91226.3,92378.3,1152.0,447.0,362.0,0.0,0.003472222222222222,0.6122846079998343,1.4356523370513197,2.2791234898805115,3.038831319840682,104_leap_voe_gaze
0.9946820126903078,23332,23525,92586.3,93362.3,776.0,405.0,383.0,1.0,0.015463917525773196,0.6974635489837746,0.7927519262169899,1.297347217316599,2.6881969367821417,104_leap_voe_gaze
0.9946820126903078,23531,23596,93382.3,93646.3,264.0,529.0,410.0,0.0,0.015151515151515152,0.8324370632042928,1.1634822960419602,1.7064206642182278,2.5011919324842538,104_leap_voe_gaze
0.9946820126903078,23612,23726,93706.3,94166.3,460.0,1429.0,680.0,1.0,0.0,0.8437892488561514,1.1598399018921204,1.9869281706650612,2.8050750644683218,104_leap_voe_gaze
0.9946820126903078,23825,23938,94558.3,95014.3,456.0,486.75,387.0,1.0,0.0,0.6206725949168806,0.7338829743274254,1.0869665874814733,2.6998847495507596,104_leap_voe_gaze
0.9946820126903078,23944,24028,95034.3,95374.3,340.0,257.5,284.0,0.0,0.0,0.6565901618188766,0.7848492284398867,1.9051134812847352,1.496040034383105,104_leap_voe_gaze
0.9946820126903078,24035,24293,95398.3,96434.3,1036.0,380.0,382.75,0.0,0.011583011583011582,0.9688099263208526,1.3682673449054663,1.5544790982261951,3.5764707071971102,104_leap_voe_gaze
0.9946820126903078,24304,24453,96474.3,97074.3,600.0,538.0,382.75,0.0,0.04,1.0558518679655122,2.5503626401611537,2.4544406814097814,4.0907344690163026,104_leap_voe_gaze
0.9946820126903078,24459,24487,97094.3,97210.3,116.0,583.75,393.0,0.0,0.034482758620689655,0.595262566521366,1.2223440542333697,1.2038447151676548,2.0921184855826236,104_leap_voe_gaze
0.9946820126903078,24544,24596,97434.3,97646.3,212.0,582.0,430.0,1.0,0.03773584905660377,0.6962387653587855,1.0405407744071247,1.8232987919044092,1.6830450386809932,104_leap_voe_gaze
0.9946820126903078,24598,24722,97650.3,98150.3,500.0,625.0,391.0,0.0,0.032,0.9031292000566022,2.263543299010752,2.3492503664922197,3.34271445182475,104_leap_voe_gaze
0.9946820126903078,24728,25112,98170.3,99710.3,1540.0,714.0,360.0,0.0,0.01038961038961039,0.7877996813175657,1.695797374760848,2.618070060170434,3.179085073064098,104_leap_voe_gaze
0.9946820126903078,25118,25172,99730.2,99950.2,220.0,554.5,218.5,0.0,0.0,0.9180287341257565,1.106833648136002,1.367474093928307,3.179085073064098,104_leap_voe_gaze
0.9946820126903078,25178,25437,99970.2,101010.2,1040.0,779.0,373.99999999999994,0.0,0.007692307692307693,0.868819876870295,1.2428370189603426,2.5713188090959616,2.921953192154502,104_leap_voe_gaze
0.9946820126903078,25443,25517,101030.2,101330.2,300.0,726.5,302.0,0.0,0.05333333333333334,0.8740890012971866,1.1022054082900838,1.589542536532049,2.290811302649129,104_leap_voe_gaze
0.9946820126903078,25528,25559,101370.2,101498.2,128.0,933.0,-17.0,1.0,0.53125,1.8152795001160977,5.057054812810525,5.1893888692663985,2.4544406814097814,104_leap_voe_gaze
0.9946820126903078,25969,25987,103134.2,103210.2,76.0,1873.0,503.5,1.0,0.05263157894736842,1.607807233150663,37.55578760885221,23.00161552864024,3.599846332734346,104_leap_voe_gaze
0.9946820126903078,25998,26075,103250.2,103562.2,312.0,3008.0,481.0,1.0,0.3974358974358974,1.7422778057196266,7.256689661807814,6.802307031335681,4.464744477612079,104_leap_voe_gaze
0.9946820126903078,26406,26431,104882.2,104986.2,104.0,1454.0,828.0,1.0,0.2692307692307692,1.1269240596130592,2.0725053514272105,1.542791285457577,2.3141869281863654,104_leap_voe_gaze
0.9946820126903078,26441,26510,105022.2,105302.2,280.0,878.0,608.0,0.0,0.12857142857142856,1.3723258037697035,1.9050533646389447,1.7064206642182291,4.254363847776955,104_leap_voe_gaze
0.9946820126903078,26556,26669,105482.2,105938.2,456.0,750.0,402.0,1.0,0.06140350877192982,0.8059961237695582,1.1239784350590651,1.379161906696925,2.618070060170434,104_leap_voe_gaze
0.9946820126903078,28401,28589,112862.2,113618.2,756.0,799.0,424.0,0.0,0.328042328042328,0.8285259766385266,1.7413393870007114,2.4076894303353096,2.87520194108003,104_leap_voe_gaze
0.9946820126903078,28717,28815,114126.2,114522.2,396.0,548.0,625.5,1.0,0.47474747474747475,1.2922428077794386,3.0317750531903673,2.477816306947018,4.020607592404595,104_leap_voe_gaze
0.9946820126903078,29548,29749,117450.2,118258.2,808.0,726.0,472.0,1.0,0.12871287128712872,0.6477267856429006,0.8266850573346664,1.8934256685161173,2.0570550472767692,104_leap_voe_gaze
0.9946820126903078,30642,30754,121826.2,122278.2,452.0,902.0,590.0,1.0,0.017699115044247787,0.6896213055703447,0.6760446713194846,1.1687812768618009,2.1973088005001853,104_leap_voe_gaze
0.9946820126903078,30787,30898,122406.2,122854.2,448.0,915.0,591.0000000000001,1.0,0.008928571428571428,0.669098893171159,0.6582321901993138,1.799923166367173,2.2674356771118935,104_leap_voe_gaze
0.9946820126903078,30928,31016,122970.2,123326.2,356.0,914.0,591.0000000000001,1.0,0.02247191011235955,0.5748525476324621,0.5726810641285878,1.1454056513245647,1.7765475408299372,104_leap_voe_gaze
0.9946820126903078,31022,31201,123346.2,124066.2,720.0,874.0,513.0,0.0,0.15555555555555556,0.6868621830796604,0.9284408919140803,1.4025375322341609,2.5713188090959616,104_leap_voe_gaze
0.9946820126903078,31261,31319,124302.2,124538.2,236.0,1094.0,661.0,1.0,0.03389830508474576,1.2046324706937757,1.8057076497860376,1.449288783308633,3.4128413284364583,104_leap_voe_gaze
0.9946820126903078,31328,31403,124570.2,124874.2,304.0,683.0,538.0,0.0,0.0,0.8107602446586062,0.9847229613493914,1.496040034383105,2.898577566617266,104_leap_voe_gaze
0.9946820126903078,31413,31558,124910.2,125494.2,584.0,836.5,97.5,0.0,0.0136986301369863,0.42259700338366785,0.4782300531691008,1.0869665874814747,1.7648597280613192,104_leap_voe_gaze
0.9946820126903078,31565,31690,125518.2,126022.2,504.0,594.0,259.0,0.0,0.023809523809523808,0.7866405041822578,1.5780970355673791,2.4076894303353096,2.921953192154502,104_leap_voe_gaze
0.9946820126903078,31694,32088,126034.2,127614.1,1579.9000000000087,646.5,324.0,0.0,0.04556962025316456,0.7588811943653442,1.3597806575346314,2.1271819238884775,3.6699732093460544,104_leap_voe_gaze
0.9946820126903078,32090,32559,127618.1,129498.1,1880.0,662.5,296.0,0.0,0.12127659574468085,0.9132383610951277,1.8398382671054785,2.594694434633198,4.230988222239719,104_leap_voe_gaze
0.9946820126903078,32644,32741,129834.1,130226.1,392.0,591.0,234.25,0.0,0.061224489795918366,0.8233828597753025,1.5941488440679012,1.6129181620692852,3.985544154098741,104_leap_voe_gaze
0.9946820126903078,32747,33320,130246.1,132542.1,2296.0,665.0,308.5,1.0,0.28222996515679444,1.0890742905986006,2.327814233979989,3.179085073064098,6.1010382652186,104_leap_voe_gaze
0.9946820126903078,33397,33425,132846.1,132962.1,116.0,679.0,266.0,1.0,0.6896551724137931,0.6033674153387221,2.8791215939582964,2.1038062983512416,2.4076894303353096,104_leap_voe_gaze
0.9946820126903078,33433,33892,132990.1,134830.1,1840.0,501.0,329.0,1.0,0.2673913043478261,1.7444218148318205,4.635038571146968,5.072510741580215,6.288043269516488,104_leap_voe_gaze
0.9946820126903078,33953,34001,135070.1,135266.1,196.0,658.0,309.0,1.0,0.16326530612244897,0.9937203091487475,2.564752280327935,2.3141869281863654,3.2492119496758063,104_leap_voe_gaze
0.9946820126903078,34007,34317,135286.1,136530.1,1244.0,724.0,293.0,0.0,0.2508038585209003,1.026226411001312,5.973664250882653,5.399769499101519,3.7167244604205263,104_leap_voe_gaze
0.9946820126903078,34359,34372,136694.1,136750.1,56.0,839.0,337.0,1.0,0.5,1.4127595840905474,1.998420434439421,1.3557862811596888,2.1973088005001853,104_leap_voe_gaze
0.9946820126903078,34374,34467,136754.1,137130.1,376.0,992.0000000000001,294.0,1.0,0.2872340425531915,1.103250489470738,3.8231535679301785,3.8102269625694705,4.254363847776954,104_leap_voe_gaze
0.9946820126903078,34497,34611,137246.1,137706.1,460.0,1051.5,294.0,1.0,0.02608695652173913,0.6341209426423629,0.8340249302714595,1.3557862811596888,3.132333821989626,104_leap_voe_gaze
0.9946820126903078,34650,34838,137858.1,138614.1,756.0,1109.5,290.00000000000006,1.0,0.2698412698412698,1.1393142488348205,2.317876121931189,3.6232219582715826,4.488120103149315,104_leap_voe_gaze
0.9946820126903078,34875,34982,138758.1,139190.1,432.0,1138.0,290.00000000000006,1.0,0.17592592592592593,0.9032315984352445,1.2734856126347232,2.8050750644683218,2.4310650558725455,104_leap_voe_gaze
0.9946820126903078,35011,35120,139302.1,139742.1,440.0,1049.0,331.0,1.0,0.11818181818181818,0.9753383259317391,2.005464136910489,2.5011919324842538,3.5063438305854038,104_leap_voe_gaze
0.9946820126903078,35156,35266,139882.1,140326.1,444.0,1102.0,291.0,1.0,0.32432432432432434,1.0304720443987576,2.5839182785328023,3.2258363241385704,2.945328817691738,104_leap_voe_gaze
0.9946820126903078,35325,35413,140558.1,140914.1,356.0,1148.0,307.0,1.0,0.5617977528089888,1.1962388393472403,3.0776090653083763,3.34271445182475,2.898577566617266,104_leap_voe_gaze
0.9946820126903078,35466,35539,141122.1,141418.1,296.0,1152.0,300.5,1.0,0.5135135135135135,1.4524404705526324,3.3678026331674613,2.3609381792608377,4.979008239431272,104_leap_voe_gaze
0.9946820126903078,35745,35783,142238.1,142394.1,156.0,1055.5,299.0,1.0,0.02564102564102564,0.9305583742061313,0.8262749694448426,1.3324106556224529,2.781699438931086,104_leap_voe_gaze
0.9946820126903078,35789,35843,142414.1,142634.1,220.0,1092.0,268.0,1.0,0.0,0.5054118815295278,0.45917424788859956,1.0986544002500926,1.2622837790107448,104_leap_voe_gaze
0.9946820126903078,35872,35982,142746.1,143190.1,444.0,1127.0,278.0,1.0,0.17117117117117117,0.8653030332241202,1.5298888957881964,2.75832381339385,2.4310650558725455,104_leap_voe_gaze
0.9946820126903078,36187,36230,144006.1,144182.1,176.0,1344.0,875.0,1.0,0.06818181818181818,0.9881709581704735,1.6036631409764688,1.589542536532049,2.851826315542794,104_leap_voe_gaze
0.9946820126903078,36237,36275,144206.1,144362.1,156.0,1529.0,1116.0,1.0,0.2564102564102564,0.567975248414815,0.9308877045069215,1.0986544002500926,2.0336794217395333,104_leap_voe_gaze
0.9946820126903078,36311,36348,144502.1,144654.1,152.0,1527.5,1138.5,1.0,0.21052631578947367,0.7413638300398129,0.9956075681039386,1.7064206642182291,1.729796289755465,104_leap_voe_gaze
0.9946820126903078,36365,36418,144718.1,144934.1,216.0,482.0,1024.0,1.0,0.2037037037037037,0.9996553760636665,1.5241825068718857,2.2206844260374217,2.5245675580214897,104_leap_voe_gaze
0.9946820126903078,36456,36484,145082.1,145198.1,116.0,963.0,464.0,1.0,0.0,0.8954834856825094,0.9741148332955631,1.3090350300852196,2.0103037962022974,104_leap_voe_gaze
0.9946820126903078,36491,36551,145222.1,145466.1,244.0,1090.5,364.0,0.0,0.01639344262295082,0.5025806354011262,0.4729204856356315,1.449288783308633,1.238908153473509,104_leap_voe_gaze
0.9946820126903078,36555,36629,145478.1,145778.1,300.0,1119.0,334.0,0.0,0.0,0.5251928990041403,0.42194141499027676,0.8999615831835865,1.6830450386809932,104_leap_voe_gaze
0.9946820126903078,36635,36694,145798.1,146038.1,240.0,936.0,260.75,0.0,0.0,0.5399277231851868,0.542884107075816,1.309035030085217,1.3440984683910708,104_leap_voe_gaze
0.9946820126903078,36700,36826,146058.1,146566.1,508.0,1127.0,334.5,1.0,0.007874015748031496,0.4825496692743614,0.7311320490837745,1.1220300257873288,2.3843138047980736,104_leap_voe_gaze
0.9946820126903078,36856,36964,146682.1,147118.0,435.8999999999942,1133.0,318.0,1.0,0.01834862385321101,0.7270837059320039,0.8839809988421559,2.4544406814097814,2.2674356771118935,104_leap_voe_gaze
0.9946820126903078,36975,37179,147158.0,147978.0,820.0,439.0,558.0,0.0,0.06829268292682927,1.2371149379614268,2.660271398615509,2.8284506900055577,4.301115098851427,104_leap_voe_gaze
0.9946820126903078,37185,37265,147998.0,148322.0,324.0,380.0,456.5,0.0,0.1111111111111111,1.2042320598744805,1.5509886709019218,1.2856594045479808,3.7634757114949986,104_leap_voe_gaze
0.9946820126903078,37278,37374,148370.0,148758.0,388.0,1115.0,349.0,0.0,0.0,0.5418312932816641,0.4661191287801578,1.1220300257873288,1.9401769195905894,104_leap_voe_gaze
0.9946820126903078,37380,37400,148778.0,148862.0,84.0,1117.0,310.0,1.0,0.0,0.4752500951682325,0.44665696197392313,1.0285275236383846,1.1454056513245647,104_leap_voe_gaze
0.9946820126903078,37440,37547,149018.0,149450.0,432.0,1118.0,307.0,1.0,0.009259259259259259,0.5035108810532508,0.39978618035924207,1.1687812768618009,1.2856594045479808,104_leap_voe_gaze
0.9946820126903078,37577,37635,149566.0,149802.0,236.0,1116.0,328.0,1.0,0.03389830508474576,0.5211341419512224,0.6059109092335955,2.0336794217395333,1.238908153473509,104_leap_voe_gaze
0.9946820126903078,37641,37691,149822.0,150026.0,204.0,1136.0,291.0,1.0,0.0196078431372549,0.6652819658597663,0.7627331932127238,1.7765475408299372,1.729796289755465,104_leap_voe_gaze
0.9946820126903078,37720,37753,150138.0,150274.0,136.0,1144.0,298.0,1.0,0.14705882352941177,1.0243265767818845,1.8875214566824796,2.781699438931086,1.9168012940533532,104_leap_voe_gaze
0.9946820126903078,37765,37873,150318.0,150754.0,436.0,733.0,292.0,0.0,0.21100917431192662,0.7565281768473917,1.207604153419776,1.7414841025240833,2.4544406814097814,104_leap_voe_gaze
0.9946820126903078,37880,38057,150778.0,151490.0,712.0,1096.0,310.0,1.0,0.29775280898876405,1.0649936753873492,3.606252341772233,4.0907344690163026,4.721876358521675,104_leap_voe_gaze
0.9946820126903078,38070,38079,151538.0,151578.0,40.0,1113.5,307.5,1.0,0.4,0.7276543501622943,0.5466377336973836,0.7713956427287885,0.7947712682660245,104_leap_voe_gaze
0.9946820126903078,38107,38250,151686.0,152262.0,576.0,795.0,247.0,1.0,0.5347222222222222,1.2252872188655979,2.6752689343560743,2.2440600515746576,4.184236971165247,104_leap_voe_gaze
0.9946820126903078,38262,38374,152306.0,152758.0,452.0,1168.0,322.0,1.0,0.3893805309734513,0.855953419523551,1.756867152205755,2.4310650558725455,2.7115725623193776,104_leap_voe_gaze
0.9946820126903078,38403,38516,152870.0,153326.0,456.0,1149.0,316.0,1.0,0.09649122807017543,0.730966098716922,1.0608657310031078,1.8934256685161173,2.4310650558725455,104_leap_voe_gaze
0.9946820126903078,38557,38580,153486.0,153582.0,96.0,1086.0,630.0,1.0,0.625,1.68434318390961,3.5881958530262152,1.8466744174416452,3.085582570915154,104_leap_voe_gaze
0.9946820126903078,38590,38730,153618.0,154182.0,564.0,1133.0,305.0,1.0,0.028368794326241134,0.6500929528150264,0.9819710605632727,1.7765475408299372,2.64144568570767,104_leap_voe_gaze
0.9946820126903078,38737,38813,154206.0,154514.0,308.0,867.0,311.0,0.0,0.025974025974025976,0.7417158179629139,1.2519407314243072,2.2440600515746576,2.1038062983512416,104_leap_voe_gaze
0.9946820126903078,38959,38988,155094.0,155214.0,120.0,497.0,729.0,1.0,0.3,1.4344205212151624,3.1240705707854226,2.3843138047980736,3.4128413284364583,104_leap_voe_gaze
0.9946820126903078,39000,39042,155258.0,155430.0,172.0,1121.5,367.5,1.0,0.2558139534883721,1.1267571739075115,1.765037799484905,2.080430672814005,2.4076894303353096,104_leap_voe_gaze
0.9946820126903078,39073,39186,155550.0,156006.0,456.0,1132.0,343.0,1.0,0.008771929824561403,0.591883869830813,0.589674148455459,1.1454056513245647,2.1271819238884775,104_leap_voe_gaze
0.9946820126903078,39192,39271,156026.0,156346.0,320.0,826.0,330.0,0.0,0.1375,0.8392382450783168,1.1242359915417444,1.7064206642182291,2.898577566617266,104_leap_voe_gaze
0.9946820126903078,39278,39327,156370.0,156570.0,200.0,779.0,318.0,1.0,0.14,1.0631002888544838,1.6267515332916116,1.718108476986847,3.155709447526862,104_leap_voe_gaze
0.9946820126903078,39338,39369,156610.0,156738.0,128.0,430.75,346.0,1.0,0.375,1.1914835171212916,2.7082727453112843,2.1038062983512416,2.945328817691738,104_leap_voe_gaze
0.9946820126903078,39397,39427,156846.0,156970.0,124.0,437.0,351.0,1.0,0.5806451612903226,0.6918553356513214,1.9304189079594227,1.3324106556224529,3.132333821989626,104_leap_voe_gaze
0.9946820126903078,39438,39467,157010.0,157130.0,120.0,644.0,252.0,1.0,0.5333333333333333,1.060911806273913,2.62627161140755,2.1505575494257134,2.921953192154502,104_leap_voe_gaze
0.9946820126903078,42373,42458,168750.0,169094.0,344.0,945.0,599.5,1.0,0.06976744186046512,0.9619865839056849,2.3013251040067018,1.7999231663671706,2.851826315542794,104_leap_voe_gaze
0.9946820126903078,42499,42601,169254.0,169666.0,412.0,927.0,569.5,1.0,0.009708737864077669,0.8226260919041113,1.1024408189989927,1.659669413143757,2.781699438931086,104_leap_voe_gaze
0.9946820126903078,42642,42744,169826.0,170238.0,412.0,935.0,547.5,1.0,0.009708737864077669,0.7788714932823664,0.9923123367481108,1.9401769195905894,2.477816306947018,104_leap_voe_gaze
0.9946820126903078,42788,42840,170410.0,170622.0,212.0,938.0,560.0,1.0,0.018867924528301886,0.7779835221768407,0.720053302977833,1.2622837790107448,2.0570550472767692,104_leap_voe_gaze
0.9946820126903078,42847,42887,170646.0,170810.0,164.0,887.0,473.0,1.0,0.0,0.6905707356195433,0.6907154649193612,1.1220300257873288,1.8466744174416452,104_leap_voe_gaze
0.9946820126903078,42922,43030,170946.0,171382.0,436.0,867.0,445.0,1.0,0.03669724770642202,0.6994040286960916,0.8670520860511434,1.519415659920341,2.1739331749629494,104_leap_voe_gaze
0.9946820126903078,43072,43171,171546.0,171946.0,400.0,865.0,469.0,1.0,0.01,0.6847144521748489,0.8918348817833744,1.449288783308633,2.781699438931086,104_leap_voe_gaze
0.9946820126903078,43217,43285,172126.0,172402.0,276.0,857.5,488.0,1.0,0.014492753623188406,0.6066755124358363,0.6408623511992917,1.496040034383105,1.5661669109948144,104_leap_voe_gaze
0.9946820126903078,43292,43450,172426.0,173062.0,636.0,815.0,273.0,0.0,0.0,0.5512377452495263,0.778737683269781,1.2155325279362728,2.2674356771118935,104_leap_voe_gaze
0.9946820126903078,43457,43515,173086.0,173321.9,235.89999999999418,582.0,301.5,1.0,0.06779661016949153,0.7346569006413733,1.2506324040240158,1.9635525451278253,1.9869281706650612,104_leap_voe_gaze
0.9946820126903078,43522,43797,173345.9,174449.9,1104.0,417.5,370.0,1.0,0.057971014492753624,0.9305212243493205,2.079135246971725,2.5245675580214884,3.155709447526862,104_leap_voe_gaze
0.9946820126903078,43802,43813,174465.9,174513.9,48.0,470.5,387.0,1.0,0.0,0.6426461484294564,0.4088604632797797,0.6077662639681364,1.238908153473509,104_leap_voe_gaze
0.9946820126903078,43852,43954,174665.9,175077.9,412.0,466.0,366.0,1.0,0.11650485436893204,0.8463340450814971,1.184880119320339,1.5194156599203423,2.4310650558725455,104_leap_voe_gaze
0.9946820126903078,43995,44099,175237.9,175657.9,420.0,467.5,351.0,1.0,0.2,1.2536292653223462,1.9744550055370484,1.542791285457577,3.7167244604205263,104_leap_voe_gaze
0.9946820126903078,44145,44236,175837.9,176205.9,368.0,892.0,425.00000000000006,1.0,0.010869565217391304,0.7491846087991921,0.8270648704676026,1.1921569023990368,2.3375625537236018,104_leap_voe_gaze
0.9946820126903078,44284,44316,176393.9,176525.9,132.0,991.0,537.0,1.0,0.0,1.0237183001164198,1.3519246474468716,1.3791619066969276,2.2206844260374217,104_leap_voe_gaze
0.9946820126903078,44324,44370,176553.9,176741.9,188.0,477.0,434.0,0.0,0.1702127659574468,5.752742195395762,15.272133086322688,22.62760552004446,2.734948187856614,104_leap_voe_gaze
0.9946820126903078,44372,44383,176745.9,176793.9,48.0,460.0,378.0,0.0,0.16666666666666666,1.717750649538004,2.899163169248986,1.3324106556224515,3.646597583808817,104_leap_voe_gaze
0.9946820126903078,44415,44443,176917.9,177033.9,116.0,452.0,406.0,1.0,0.3448275862068966,1.2492802902035747,2.390124877880919,2.4778163069470165,2.6648213112449057,104_leap_voe_gaze
0.9946820126903078,44445,44530,177037.9,177381.9,344.0,466.0,346.5,1.0,0.23255813953488372,1.3249283613957543,1.8152166772257246,1.496040034383105,3.7401000859577627,104_leap_voe_gaze
0.9946820126903078,44584,44663,177593.9,177913.9,320.0,412.0,390.5,1.0,0.025,0.7321062811881496,0.7842461623744587,1.0051518981011487,2.3609381792608377,104_leap_voe_gaze
0.9946820126903078,44714,44816,178113.9,178525.9,412.0,451.0,379.0,1.0,0.1553398058252427,0.8137260723089023,1.470826195973642,1.823298791904408,3.9037294647184146,104_leap_voe_gaze
0.9946820126903078,44852,44868,178665.9,178733.9,68.0,447.5,379.0,1.0,0.058823529411764705,0.871327365771357,1.0537471222429462,1.0285275236383846,2.0570550472767692,104_leap_voe_gaze
0.9946820126903078,44877,44975,178765.9,179161.9,396.0,259.5,275.5,1.0,0.09090909090909091,1.0794190169157196,1.6121396912493369,1.8466744174416452,3.2258363241385704,104_leap_voe_gaze
0.9946820126903078,44981,45108,179181.9,179693.9,512.0,381.0,395.5,1.0,0.0625,1.2709483977533274,2.1717908778951442,1.8232987919044092,4.815378860670619,104_leap_voe_gaze
0.9946820126903078,45149,45251,179853.9,180265.9,412.0,370.0,429.0,1.0,0.1553398058252427,1.2855847382196166,2.067514017139032,2.0103037962022974,3.7634757114949986,104_leap_voe_gaze
0.9946820126903078,45309,45395,180493.9,180841.9,348.0,493.99999999999994,402.5,1.0,0.3563218390804598,1.6340133006036288,4.197790797276552,3.436216953973694,4.301115098851427,104_leap_voe_gaze
0.9946820126903078,45491,45516,181221.9,181325.9,104.0,607.0,360.0,1.0,0.5,0.9120488917627693,2.4654216739702015,1.566166910994813,3.0622069453779193,104_leap_voe_gaze
0.9946820126903078,45518,45543,181329.9,181433.9,104.0,619.5,389.5,1.0,0.46153846153846156,0.9145133349977043,2.027468208130149,2.080430672814005,2.080430672814005,104_leap_voe_gaze
0.9946820126903078,45610,45690,181697.9,182021.9,324.0,653.0,384.5,1.0,0.18518518518518517,0.8785176310460946,1.288403882295587,1.2856594045479808,2.75832381339385,104_leap_voe_gaze
0.9946820126903078,45728,45831,182169.9,182585.9,416.0,690.0,369.0,1.0,0.14423076923076922,0.8854848219991598,2.068972974323685,2.3609381792608377,3.5063438305854038,104_leap_voe_gaze
0.9946820126903078,45868,45975,182729.9,183161.9,432.0,746.0,364.0,1.0,0.26851851851851855,1.1318664643568654,1.5771483447101997,1.659669413143757,3.5530950816598743,104_leap_voe_gaze
0.9946820126903078,46022,46115,183345.9,183721.9,376.0,753.0,367.0,0.0,0.031914893617021274,0.900025262848265,1.1838076271343063,1.566166910994813,2.99208006876621,104_leap_voe_gaze
0.9946820126903078,46154,46262,183873.9,184309.9,436.0,804.0,365.0,1.0,0.0,0.658755315010664,1.2388318590763254,1.6830450386809932,2.0570550472767692,104_leap_voe_gaze
0.9946820126903078,46309,46409,184493.9,184897.9,404.0,784.0,386.0,1.0,0.009900990099009901,0.8157307981621076,1.487329001047131,2.1038062983512416,2.4544406814097814,104_leap_voe_gaze
0.9946820126903078,46595,46618,185637.9,185733.9,96.0,771.0,384.99999999999994,1.0,0.2916666666666667,1.105018673069897,0.9847306711653423,0.8415225193404966,2.4544406814097814,104_leap_voe_gaze
0.9946820126903078,46620,46690,185737.9,186021.9,284.0,801.0,384.99999999999994,0.0,0.0,0.8524758108694465,1.346457807003033,1.6129181620692852,2.7115725623193776,104_leap_voe_gaze
0.9946820126903078,47044,47053,187433.9,187473.9,40.0,1012.0,598.0,1.0,0.5,0.1402537532234161,0.32465795263203445,0.3506343830585429,1.1220300257873288,104_leap_voe_gaze
0.9946820126903078,47065,47130,187517.9,187781.9,264.0,777.0,367.0,1.0,0.030303030303030304,0.675901502816807,0.9525023312574612,1.6129181620692852,2.3843138047980736,104_leap_voe_gaze
0.9946820126903078,47177,47277,187965.9,188369.9,404.0,770.0,388.0,1.0,0.039603960396039604,0.7771476494451344,0.8084684499221129,1.0051518981011487,2.945328817691738,104_leap_voe_gaze
0.9946820126903078,47316,47397,188521.9,188849.9,328.0,780.0,396.0,1.0,0.012195121951219513,0.7366010431419912,0.8063485867135067,1.1454056513245647,2.4310650558725455,104_leap_voe_gaze
0.9946820126903078,47494,47541,189233.9,189425.9,192.0,788.0,697.5,0.0,0.041666666666666664,0.6204814855638184,0.5459530170023958,1.238908153473509,1.4025375322341609,104_leap_voe_gaze
0.9946820126903078,47551,47564,189461.9,189517.9,56.0,821.0,402.0,1.0,0.07142857142857142,0.8237741213971977,0.9186896938059773,0.7012687661170804,2.3375625537236018,104_leap_voe_gaze
0.9946820126903078,47608,47671,189689.9,189945.9,256.0,820.0,404.5,1.0,0.03125,0.7328098893174131,0.9686414995409135,1.0752787747128567,3.202460698601334,104_leap_voe_gaze
0.9946820126903078,47682,47701,189985.9,190065.9,80.0,278.5,749.5,1.0,0.5,1.1767485851579735,4.543966034440688,3.295963200750278,2.1038062983512416,104_leap_voe_gaze
0.9946820126903078,47746,47798,190241.9,190453.9,212.0,270.5,756.0,1.0,0.3584905660377358,1.3510472172541435,3.036853635022693,1.9168012940533532,4.043983217941831,104_leap_voe_gaze
0.9946820126903078,47805,47849,190477.9,190657.8,179.89999999999418,285.0,1181.0,1.0,0.2222222222222222,1.2205031711445418,2.3357127276301917,1.7765475408299378,2.734948187856614,104_leap_voe_gaze
0.9946820126903078,47892,47957,190825.8,191089.8,264.0,323.0,1092.0,1.0,0.4696969696969697,1.4265987317598203,3.477114114877126,2.8050750644683227,2.4310650558725455,104_leap_voe_gaze
0.9946820126903078,48183,48284,191989.8,192397.8,408.0,781.0,403.0,1.0,0.00980392156862745,0.749494298288355,1.498281376912038,2.080430672814005,3.295963200750278,104_leap_voe_gaze
0.9946820126903078,48322,48428,192545.8,192973.8,428.0,786.0,409.0,1.0,0.04672897196261682,0.7946028785748943,1.0004762419145394,1.496040034383105,2.477816306947018,104_leap_voe_gaze
0.9946820126903078,48474,48575,193153.8,193561.8,408.0,790.0,427.0,1.0,0.10784313725490197,0.8090762261450032,1.069899062378438,1.6129181620692852,2.734948187856614,104_leap_voe_gaze
0.9946820126903078,48615,48719,193717.8,194137.8,420.0,774.5,406.0,1.0,0.3523809523809524,1.0003653005998192,1.341481669138768,1.589542536532049,2.99208006876621,104_leap_voe_gaze
0.9946820126903078,48780,48838,194377.8,194613.8,236.0,-343.0,943.5,1.0,0.2542372881355932,0.8652445320395771,1.0001124467482776,2.477816306947018,1.309035030085217,104_leap_voe_gaze
0.9946820126903078,48850,48863,194657.8,194713.8,56.0,535.0,472.0,1.0,0.21428571428571427,1.0420449639297875,1.9157284901842369,1.519415659920341,2.0336794217395333,104_leap_voe_gaze
0.9946820126903078,48918,48988,194929.8,195213.8,284.0,715.0,370.0,1.0,0.08450704225352113,0.8535413366641567,1.0790730518312759,1.6830450386809932,2.5011919324842538,104_leap_voe_gaze
0.9946820126903078,50028,50446,199369.8,201045.8,1676.0,963.5,539.0,1.0,0.06921241050119331,0.7649521449754388,0.9485183597193606,1.7765475408299398,4.488120103149315,104_leap_voe_gaze
0.9946820126903078,50454,50582,201073.8,201589.8,516.0,878.5,478.5,0.0,0.0,0.5671628941161428,0.5195620456541465,1.7064206642182291,1.963552545127824,104_leap_voe_gaze
0.9946820126903078,50592,50736,201625.8,202205.8,580.0,769.0,491.0,0.0,0.0,0.5598699198802236,0.6688569893073992,1.3440984683910708,2.4427528686411635,104_leap_voe_gaze
0.9946820126903078,50743,50861,202229.8,202705.8,476.0,777.5,313.0,0.0,0.0,0.8090688973521044,0.9515099394293915,1.7882353535985551,3.155709447526862,104_leap_voe_gaze
0.9946820126903078,50868,50955,202729.8,203081.8,352.0,792.0,530.5,0.0,0.022727272727272728,0.8280716292080694,1.1729098074657738,1.7531719152927012,2.64144568570767,104_leap_voe_gaze
0.9946820126903078,50964,51062,203113.8,203509.8,396.0,602.0,237.5,0.0,0.020202020202020204,0.8235740287590102,1.67006087837365,2.080430672814005,3.085582570915154,104_leap_voe_gaze
0.9946820126903078,51067,51355,203525.8,204681.8,1156.0,648.0,354.0,1.0,0.33217993079584773,1.4000288784640404,3.325462765584168,3.2492119496758063,5.773779507697296,104_leap_voe_gaze
0.9946820126903078,51549,51634,205453.8,205797.8,344.0,655.0,324.0,1.0,0.6046511627906976,1.8739467905344804,3.9706895541538385,2.75832381339385,5.166013243729159,104_leap_voe_gaze
0.9946820126903078,55571,55674,221541.7,221957.7,416.0,-33.0,710.0,1.0,0.038461538461538464,0.6345208085810041,0.679172704240585,1.9168012940533532,2.080430672814005,104_leap_voe_gaze
0.9946820126903078,55683,55734,221989.7,222197.7,208.0,287.0,1123.0,0.0,0.019230769230769232,0.955563213924799,1.7137900647960727,2.1505575494257134,2.594694434633198,104_leap_voe_gaze
0.9946820126903078,55740,55826,222217.7,222565.7,348.0,360.0,1116.0,1.0,0.09195402298850575,0.9057133827659046,1.7538777825280876,2.781699438931086,2.5713188090959616,104_leap_voe_gaze
0.9946820126903078,56669,56682,225933.7,225989.7,56.0,473.5,411.0,1.0,0.7142857142857143,0.8353311756670475,0.6053353007255862,0.9350250214894407,0.9350250214894407,104_leap_voe_gaze
0.9946820126903078,56693,56758,226029.7,226293.7,264.0,238.0,630.0,1.0,0.19696969696969696,1.511569275058737,3.395825908708276,4.184236971165247,3.997231966867359,104_leap_voe_gaze
